aweme_id,cid,create_time,text,reply_comment_total
7146900341810810139,7146918553109807899,2022-09-24,‡∏Å‡∏¥‡∏ô‡∏ô‡πâ‡∏≠‡∏¢‡∏•‡∏á ‡∏Ç‡∏≤‡∏î‡∏™‡∏≤‡∏£‡∏≠‡∏≤‡∏´‡∏≤‡∏£‡∏à‡πâ‡∏≤ ‡∏ô‡πä‡∏≠‡∏Ñ‡πÄ‡∏Ç‡πâ‡∏≤‡∏£‡∏û,257
7155163691657350405,7155380740322476806,2022-10-17,Who's gonna tell her that High Viz jacket is ultimately made from Oil?,113
7149209471833820462,7149578861365674757,2022-10-01,never understood building wooden homes in hurricane zones.,103
7145493259815603461,7146669944012374790,2022-09-23,she is 100% correct,92
7145493259815603461,7145867129648218885,2022-09-21,Climate change happens with or without Humans. The problem is we are accelerating it and the negative effects will become exponential.,92
7144330799645543685,7301692469962769158,2023-11-15,todo eso esta pasando mientras estoy cagando?,91
7145493259815603461,7145506170433880838,2022-09-20,Do I believe in a fact? No.,91
7146396688104590634,7146431532080382762,2022-09-23,"2024: ""You know, if we don't fix the environment, we will all be underwater in a few years""",89
7144330799645543685,7369253670568985350,2024-05-15,el mundo no est√° tan hasi,81
7145493259815603461,7146652818963137286,2022-09-23,Climate change was dreamed up by politicians for one reason money üí∞,77
7153721007835008298,7159134718264460037,2022-10-27,"People are scared of nothing, a nuclear power plant is safer than an oil power plant, and we have fixed nuclear waste problem years ago",73
7153721007835008298,7153827884191253290,2022-10-13,Nuclear is the superior resource,60
7146900341810810139,7146920775839220506,2022-09-24,‡πÄ‡∏£‡∏≤‡πÄ‡∏õ‡πá‡∏ô‡∏Å‡∏£‡∏î‡πÑ‡∏´‡∏•‡∏¢‡πâ‡∏≠‡∏ô ‡∏Å‡∏£‡∏∞‡πÄ‡∏û‡∏≤‡∏∞‡∏≠‡∏±‡∏Å‡πÄ‡∏™‡∏ö ‡∏•‡∏≥‡πÑ‡∏™‡πâ‡πÅ‡∏õ‡∏£‡∏õ‡∏£‡∏ß‡∏ô ‡∏Ñ‡∏á‡∏£‡∏≠‡πÉ‡∏´‡πâ‡∏´‡∏¥‡∏ß‡πÑ‡∏°‡πà‡πÑ‡∏î‡πâ‡πÄ‡∏•‡∏¢ ‡πÄ‡∏™‡∏µ‡∏¢‡∏î‡∏≤‡∏¢‡∏à‡∏±‡∏á,59
7145493259815603461,7145497803631969030,2022-09-20,"she believes but there are facts that it is true, i'm sorry",59
7146900341810810139,7146938376574468890,2022-09-24,‡πÄ‡∏Ñ‡∏¢‡∏•‡∏≠‡∏á‡πÅ‡∏•‡πâ‡∏ß‡∏Ñ‡πà‡∏∞ ‡πÉ‡∏à‡∏™‡∏±‡πà‡∏ô‡∏°‡∏∑‡∏≠‡∏™‡∏±‡πà‡∏ô ‡∏´‡∏ô‡πâ‡∏≤‡∏°‡∏∑‡∏î‡∏à‡∏∞‡πÄ‡∏õ‡πá‡∏ô‡∏•‡∏° ‡∏ó‡∏≥‡∏≠‡∏∞‡πÑ‡∏£‡πÑ‡∏°‡πà‡πÑ‡∏î‡πâ‡πÄ‡∏•‡∏¢,58
7146396688104590634,7146434699187127086,2022-09-23,Anyone else notice how the climate one kept happening sooner?,58
7146900341810810139,7146909881056363291,2022-09-24,‡πÄ‡∏ö‡∏¥‡πà‡∏á‡∏Ç‡πâ‡∏≤‡∏á‡∏ô‡∏∑‡∏Å‡∏ß‡πà‡∏≤‡∏•‡∏∏‡πâ‡∏á‡∏û‡∏•,55
7153721007835008298,7153771360292553518,2022-10-12,Love this! If only more people were accepting of this form of safe energy.,52
7152671402192276742,7152720378066567982,2022-10-10,Thank you for this and talking so fast! My ADHD brain is happy.,52
7144330799645543685,7144333485117047557,2022-09-17,The fact the government see images like this and do nothing. üòû,51
7147939302440291627,7148012483605168938,2022-09-27,We won‚Äôt make it I just have a feeling,50
7153721007835008298,7153781341620044590,2022-10-13,"Fun fact, the blue glow is radiation moving faster than the speed of light (in water)",49
7149209471833820462,7149459754040541957,2022-10-01,the little trees are stronger than the house,49
7144330799645543685,7359740251613135622,2024-04-20,De echo ah√≠ m√°s √°rboles que seres humanos y que paises,44
7154373264914009350,7154411143427375877,2022-10-14,Off with their heads ü§£,41
7145493259815603461,7145925855666127622,2022-09-21,"Scientists don‚Äôt know, if they were actually right. We would have already been underwater, killed by acid rain, or died from a huge hole in ozone.",39
7147939302440291627,7148013514631775018,2022-09-27,BOOST WHAT IS YOUR FAV TV SHOW,34
7147939302440291627,7148031202170422062,2022-09-27,"im a kid, im scared",33
7149209471833820462,7149471547257864965,2022-10-01,"where the from that amount of water is coming from, ffs",31
7147746563689893126,7148965959360414469,2022-09-30,"we really need to find an alternative for plastic, it‚Äôs just not as much of global effort as it should be",31
7154373264914009350,7154377635509404422,2022-10-14,they're supported by big money otherwise no-one else wpipd be able to get away with this,30
7153721007835008298,7153747801721094955,2022-10-12,So cool. We and Europe gotta get back into the game to stay energy independent.,30
7145493259815603461,7146703060847641387,2022-09-23,Climate has changed up and down for millions of years. It‚Äôs going to do what it does.,30
7146900341810810139,7146909402539967259,2022-09-24,‡∏à‡∏£‡∏¥‡∏á‡∏´‡∏£‡∏≠‡∏Ñ‡∏∞ ‡πÄ‡∏Ñ‡∏¢‡∏Å‡∏¥‡∏ô‡∏°‡∏∑‡πâ‡∏≠‡πÄ‡∏î‡∏µ‡∏¢‡∏ß‡πÅ‡∏•‡πâ‡∏ß‡∏õ‡∏ß‡∏î‡∏ó‡πâ‡∏≠‡∏á‡πÄ‡∏õ‡πá‡∏ô‡πÇ‡∏£‡∏Ñ‡∏Å‡∏£‡∏∞‡πÄ‡∏û‡∏≤‡∏∞‡∏Ñ‡πà‡∏∞üòÖüòÖ,30
7154373264914009350,7154380875013980933,2022-10-14,should make her clean it up,29
7145493259815603461,7146653870478836486,2022-09-23,100% AGREED with her!,29
7156301698414284037,7156305826228847406,2022-10-19,"I‚Äôve got a better question, who is Liz Truss?",29
7154373264914009350,7154390117574443782,2022-10-14,All posh,28
7148609970748198190,7148845210201916206,2022-09-29,HOW DID YOU NOT INCLUDE Y2K?! üòÇ Jk this was amazing,28
7144330799645543685,7368219504902357765,2024-05-12,les cuento algo que me pas√≥ en la escuela pues estaba en el recreo con mi mejor amiga y ella estaba comi√©ndose unos Takis con migo y entonces cuando se los acabo los tiro en el piso y yo le dije +,27
7143962475757604101,7143964429158695686,2022-09-16,"ci sono sempre state, anche negli anni 40",25
7156301698414284037,7156413869496894214,2022-10-20,The issue is- we weren‚Äôt having that conversation. We weren‚Äôt talking about the climate crisis.,25
7149209471833820462,7149467830533112582,2022-10-01,Props to the camera man for standing there all day,23
7153721007835008298,7153777870966506283,2022-10-12,I wish we could see more of this and in more detail. It would help some people come to terms with the greenest energy we currently have available!,23
7146396688104590634,7146415832754668331,2022-09-23,I‚Äôm sensing a pattern,22
7153721007835008298,7153977207974413102,2022-10-13,"I‚Äôve worked in over 15 nuclear plants in the US, I‚Äôm now full time in a plant on the east coast. Nothing is better than nuclear",22
7145493259815603461,7145503132440691462,2022-09-20,it's not an issue where there's disagreement... all the respected scientific community are in agreement on this issue (which is rare),22
7143962475757604101,7144006598343394054,2022-09-16,"ma quale crisi e crisi , smettiamola, e da secoli che su cede questo ,perch√© non sistemano tutto ci√≤ che c'√® da sistemare e fare üëç",22
7147746563689893126,7149303602456150830,2022-09-30,LETS GOOOOO‚ÄºÔ∏è‚ÄºÔ∏è‚ÄºÔ∏è,21
7152250702553779462,7152581614290535174,2022-10-09,That‚Äôs explains itüíÄ I fr thought they had it out for me n my friends,21
7154373264914009350,7154378769431200517,2022-10-14,That's oil based paintüòè,21
7149209471833820462,7149607680209339142,2022-10-01,"wenn die Kamera stabiler ist als das Haus, dann bist du in üá∫üá≤",20
7144904794828737838,7145017338999620358,2022-09-19,your map is upside down,20
7144573582440484122,7144616464287515418,2022-09-18,‡∏û‡∏π‡∏î‡πÑ‡∏î‡πâ‡∏î‡∏µ‡∏°‡∏≤‡∏Å‡πÄ‡∏•‡∏¢‡∏Ñ‡∏£‡∏±‡∏ö‡∏ú‡∏°,20
7154373264914009350,7154376874117595909,2022-10-14,Did the oil production stop after this?!,20
7149908239491108101,7149910124424512262,2022-10-02,Ÿàÿ±ÿØŸá ÿßŸÉÿ™ÿ® ŸÅŸä ŸÇŸÜÿßÿ© ÿßŸÑŸäŸàÿ™ŸäŸàÿ® ÿßÿ±ÿ™ÿ¨ÿßÿπ ÿßŸÑŸÖÿ±Ÿäÿ° ÿØŸÉÿ™Ÿàÿ± ŸàŸÑŸäÿØ ÿ≥ÿ±ÿ≠ÿßŸÜ Ÿàÿ≤ŸäÿØ ŸÖÿπŸÑŸàŸÖÿßÿ™ŸÉ Ÿàÿ±ÿØŸá,20
7154097477094870318,7154164114717147950,2022-10-14,We should have one day a year with No electricity,19
7144330799645543685,7378625920762151686,2024-06-09,los videos que me manda m√≠ t√≠a,18
7154373264914009350,7154397335815455493,2022-10-14,Yep she succeeded! The oil companies have just agreed to stop production. We'll doneüòÇüòÇ,18
7145493259815603461,7146696340126040834,2022-09-23,It‚Äôs nothing but a scare tactic nothing more nothing less an agenda being pushed by the elites through media,18
7144904794828737838,7145042717839819525,2022-09-19,last I checked portugal was in Europe... so it makes sense people think it's aligned with Europe üò≥,18
7154373264914009350,7154376449188659973,2022-10-14,Jail-Time me thinks üòÇüòÇ,18
7152671402192276742,7152711477609825066,2022-10-10,i am so terrified for our planet.,18
7152671402192276742,7152695298064925483,2022-10-10,"I am in WA state, and we haven't had rain in 3 months, unheard of here...and this problem with salmon is exactly what is happening now",17
7143962475757604101,7143981529077154566,2022-09-16,non √® solo il clima il problema una volta si potevano pulire i fiumi adesso lo dovrebbero fare i comuni ma nessuno fa niente,16
7146900341810810139,7146912984630264603,2022-09-24,‡∏Å‡∏≥‡∏•‡∏±‡∏á‡∏ó‡∏≥‡∏Ñ‡πà‡∏∞ ‡∏ï‡∏≠‡∏ô‡∏ô‡∏µ‡πâ ‡∏ó‡∏≤‡∏ô‡∏ß‡∏±‡∏ô‡∏•‡∏∞2‡∏°‡∏∑‡πâ‡∏≠‡πÑ‡∏õ‡∏Å‡πà‡∏≠‡∏ô,16
7148609970748198190,7148932069556683562,2022-09-29,You didn‚Äôt include the 2012 Mayan calendar,15
7158627404683054382,7158633675059102510,2022-10-26,Porter for President!,15
7147939302440291627,7148246161953686318,2022-09-28,Y‚Äôall need to calm down ..,15
7157913634226654466,7157941416987263786,2022-10-24,they are really showing the world what needs to happen.,14
7145493259815603461,7145789896803451649,2022-09-21,If the world's leaders were serious about slowing the rate of global warming theyd be protecting and regrowing the amazon rainforest,14
7148609970748198190,7148909054524998446,2022-09-29,You know they say aliens are sending a comet to dry up the Euphrates river this year,14
7147939302440291627,7147943406840890114,2022-09-27,Im really scared..,13
7155879504114715910,7156098841779225345,2022-10-19,Is Africa still in Brazil? I've lost track,13
7145493259815603461,7146732911302968069,2022-09-24,"If she doesn‚Äôt know what she‚Äôs talking about, why is she talking",13
7155879504114715910,7155893494724068138,2022-10-18,The very best things in life don‚Äôt cost money! ü•∞,13
7144330799645543685,7317057067713725189,2023-12-26,"quando a √∫ltima √°rvore ser cortada, quando a abelha deixar de desenvolver biodiversidade, quando o √∫ltimo rio secar e quando o √∫ltimo gelo derreter,+",13
7152671402192276742,7152701133873136390,2022-10-10,Your talking speed is perfect for my brain,13
7159681803257662762,7159685961147630379,2022-10-28,please run for president ü•∞,13
7154373264914009350,7154376572198191878,2022-10-14,yes something needs to be done but we shouldn't be going to extreme methods like this,13
7149209471833820462,7149469138954781445,2022-10-01,should've made the house out of what they made that camera from.,12
7155163691657350405,7155382338933998342,2022-10-17,no damage or minimal damage which is it?,12
7147939302440291627,7148098992441541382,2022-09-27,Maybe we should just turn to God so he gives us a chance,12
7156301698414284037,7246590397207380782,2023-06-20,If it was tomato soup I agree with these actions. And I agree with what you say.,12
7149908239491108101,7149939010273755910,2022-10-02,ÿßÿÆŸä ÿØŸÉÿ™Ÿàÿ± ŸàŸÑŸäÿØ ÿ≥ÿ±ÿ≠ÿßŸÜ ŸÑŸäÿ¥ ŸÖÿßŸÉŸàŸä ÿßŸÑŸÇŸÖŸäÿµ,12
7152671402192276742,7152929044220625670,2022-10-10,"That‚Äôs why there‚Äôs so many dead fish that haven‚Äôt spawned yet, and there‚Äôs not just sports fishing in the ocean‚Ä¶ They fish them right in the creeks k",12
7144573582440484122,7144594502447301402,2022-09-18,‡∏Ñ‡∏≥‡∏û‡∏π‡∏î‡∏Ñ‡∏∏‡∏ô‡∏™‡∏∏‡∏î‡∏¢‡∏≠‡∏î...‡∏°‡∏±‡∏ô‡πÄ‡∏õ‡πá‡∏ô‡∏™‡∏±‡∏à‡∏ò‡∏£‡∏£‡∏°‡∏ä‡∏µ‡∏ß‡∏¥‡∏ï‡∏à‡∏¥‡∏á‡πÜ‡πÜ‡πÜ‡∏õ‡∏•‡∏á‡πÄ‡∏ñ‡∏≠‡∏∞‡∏Ñ‡∏∏‡∏ô...ü•∞ü•∞,12
7145640089220222254,7145647165338649350,2022-09-21,"As I understand it, there is a correlation between extreme weather and seismic activity. There were also two earthquakes in Pacific very recently ü•∫",11
7143962475757604101,7143964547699016454,2022-09-16,io sono delle marche üò≠üíî,11
7152250702553779462,7152605988557996805,2022-10-09,"They kinda cute tho, they just be chillin in my room keepin me company ü•∞",11
7155163691657350405,7155425216192201477,2022-10-17,Minimal damage is still damage,11
7153721007835008298,7154149858076410670,2022-10-13,Fun fact it is safer to swim in that then a public pool just as long as you don‚Äôt touch the rods at the bottom,10
7147939302440291627,7147946291976110890,2022-09-27,ugh underrated its so sad ppl don't care at all till IT happens.,10
7158627404683054382,7158661788863890222,2022-10-26,Me waiting for Porter to announce she's running for Prez üòÅ,10
7145493259815603461,7146727478677373739,2022-09-23,he looked so totally clueless and not so informed,9
7146396688104590634,7146462212231463726,2022-09-23,‚Ä¶..but we will be underwater in a few years lol,9
7147939302440291627,7148079429108319019,2022-09-27,I want to be a millionaire so I can help the earth but that will never happen :/,9
7148609970748198190,7148817502179672874,2022-09-29,"I know these conspiracies come from people that aren‚Äôt Christian too, but for the ones that are, Matthew 24:36 is basically all i give them.",9
7149908239491108101,7149922472636367659,2022-10-02,ÿßÿ¥ÿ±ÿ® ŸÖŸä ŸàŸÖÿØŸäŸÅŸäÿØ ŸàÿØŸäÿµŸäÿ± ÿπŸÜÿØŸä ÿßŸÖÿ≥ÿßŸÉ .. ÿ≠ÿßŸàŸÑÿ™ ŸáŸàÿßŸäŸá ÿ∑ÿ±ŸÇ ÿ®ÿ≥ ŸÖÿßŸÅÿßÿØ ŸÖŸÖŸÉŸÜ ÿ∑ÿ±ŸäŸÇŸá ÿµÿ≠ŸäŸá ŸàŸÖÿ∂ŸÖŸàŸÜŸá ŸÑÿ™ÿÆŸÑÿµ ŸÖŸÜ ÿßŸÑÿßŸÖÿ≥ÿßŸÉ Ÿàÿ™ÿπŸÖŸÑ ÿπ ÿ™ŸÑŸäŸÜ ÿßŸÑÿ®ÿ∑ŸÜ.. ŸÖÿπ ÿßŸÑÿ¥ŸÉÿ±,9
7155163691657350405,7155403947447026437,2022-10-17,wearing plastic headphones ü§£,9
7145493259815603461,7146519763723354886,2022-09-23,"she is absolutely right , love her and it's not complicated at all",9
7157913634226654466,7157937864263779073,2022-10-24,‚ÄòMashed Potatoes on a Monet‚Äô - good band name or nah?,9
7147939302440291627,7148295177832170246,2022-09-28,nothing will happen,8
7154373264914009350,7154377307519271685,2022-10-14,"Can't hear you,. You need to YELL-OW-der üòÅ",8
7145493259815603461,7145717220973314821,2022-09-21,Thanks joe,8
7157913634226654466,7157945283509306158,2022-10-24,They have you all talking so it's a mute point to say it's not working.,8
7143962475757604101,7143985260760908550,2022-09-16,bro i fiumi straripavano anche 100 anni fa,8
7145493259815603461,7146291813903565573,2022-09-22,She is the Andrew Tate,8
7143962475757604101,7143963312782590726,2022-09-16,Molti non lo capiranno mai.,8
7146900341810810139,7146905976150885146,2022-09-24,‡πÄ‡∏ä‡∏∑‡πà‡∏≠‡∏Ñ‡πà‡∏∞ ‡πÄ‡∏û‡∏£‡∏≤‡∏∞‡∏ó‡∏≤‡∏ô‡πÅ‡∏ö‡∏ö‡∏ô‡∏µ‡πâ‡πÄ‡∏´‡∏°‡∏∑‡∏≠‡∏ô‡∏Å‡∏±‡∏ô ‡πÑ‡∏°‡πà‡πÄ‡∏Ñ‡∏¢‡πÄ‡∏à‡πá‡∏ö‡∏õ‡πà‡∏ß‡∏¢‡πÄ‡∏•‡∏¢ ‡∏ß‡∏á‡πÄ‡∏•‡πá‡∏ö‡πÑ‡∏°‡πà‡πÄ‡∏Ñ‡∏¢‡πÄ‡∏Ç‡πâ‡∏≤‡πÇ‡∏£‡∏á‡∏û‡∏¢‡∏≤‡∏ö‡∏≤‡∏•‡πÄ‡∏•‡∏¢‡∏Ñ‡πà‡∏∞,8
7151334610167794950,7153880204901057285,2022-10-13,adesso c √® pure l ansia da cambiamento climatico.Questa mi mancava,8
7153721007835008298,7154828692471382785,2022-10-15,for people saying better than oil there is leftover radition goo that is useless,8
7145640089220222254,7145646103693099818,2022-09-21,"Alaska does earthquake drills too, and have rules about how tall buildings can be. Cause lots o‚Äô peeps died. It‚Äôs weird living in CA where they dont..",8
7146396688104590634,7146435095296639787,2022-09-23,you gotta make a pt 2 in 40 years,8
7147746563689893126,7149655647385322246,2022-10-01,Wow so I‚Äôm gonna be dead by like 2040,8
7157913634226654466,7157937944799494958,2022-10-24,"didn't they say that there won't be enough food, as they just wasted some",8
7147939302440291627,7149245192461075206,2022-09-30,"I have a word, please take a minute, I have enough of politics, I want them to shut up and talk about climate change! this hurts me so bad Seeing",7
7150168141916540166,7150342075744928517,2022-10-03,üëèüèºüëèüèºüëèüèºüëèüèºüëèüèºüëèüèºüëèüèºgodbless them all .please dmt give up .ü•∞ü•∞ü•∞ü•∞ü•∞ü•∞ü•∞ü•∞save our planet,7
7156301698414284037,7156501430382920449,2022-10-20,"I agree with her, I just think she should‚Äôve thrown it at one of picassos paintings üòî",7
7145493259815603461,7146666892378833669,2022-09-23,"no the vast majority don't, those who want to retain there funding do",7
7153721007835008298,7155766898939331333,2022-10-18,Was passiert mit mir wenn ich in das Wasser falle?,7
7152250702553779462,7152610286922400517,2022-10-09,THEY ARE EVERYWHERE,7
7149209471833820462,7149437543233979142,2022-10-01,This has to be one of the craziest I‚Äôve seen üò≥üò≥üòß,7
7155163691657350405,7155384393296478982,2022-10-17,an ancient fram is replaceable?,7
7148609970748198190,7148904468606714629,2022-09-29,Plot twist: every time we predict the right date for end time it has to be rescheduled üòÇ,7
7145493259815603461,7146727675306328874,2022-09-23,"the ozone layer, global warming, climate change blah blah blah. I agree with her.",7
7148609970748198190,7148851516094284586,2022-09-29,The next person to say that a comet is going to destroy the earth better be right. I can‚Äôt keep getting my hopes up like this,6
7157913634226654466,7157941654734324526,2022-10-24,I get it but like why sabotage a museum go sabotage a oil refinery or some,6
7148609970748198190,7148902230218769198,2022-09-29,Fun fact! The Aztecs didn‚Äôt think the world would end in 2012. They just planned to make another calendar when the 1st one ran out.,6
7157913634226654466,7157920126862492418,2022-10-24,Do they get fines for that?,6
7157913634226654466,7157952363889378050,2022-10-24,we should stop giving them publicity. they realised how successful the last one was with the media coverage and now they're doing it again.,6
7147939302440291627,7148063142076973829,2022-09-27,ok cool ig,6
7147939302440291627,7148096510721737514,2022-09-27,Just pause it,6
7153242827323919659,7159586030310441733,2022-10-28,WHAT THE ACTUAL COLA INSIDE OF BROCOLI INSIDE OF SUSAN INSIDE OF EDDS KAZOO INSIDE EDDW,6
7155163691657350405,7156528984984716037,2022-10-20,"it‚Äôs very smart - the conversation is happening, like they‚Äôd hoped.",6
7143344050417077509,7161088332793250565,2022-11-01,Wielka Woda sezon 2 trailer,6
7144330799645543685,7317066458139116293,2023-12-27,el planeta: estoy cansado jefe...,6
7152250702553779462,7152579744809304838,2022-10-09,Omg I keep finding these around my house and I thought they were cockroaches,5
7148436887957540102,7151926647863624453,2022-10-08,esse v√≠deo pareceu um semestre inteiro do meu curso,5
7157913634226654466,7157917660035072814,2022-10-24,But y?,5
7145493259815603461,7146726931051512582,2022-09-23,Candace is fire!!!!!!! ü•∞ü•∞ü•∞,5
7145493259815603461,7146657342389371654,2022-09-23,Im with Candice üëèüëçüí°,5
7157913634226654466,7157937029435310894,2022-10-24,They threw it on the glass protecting the painting.,5
7155163691657350405,7155391163112375046,2022-10-17,They should be made to clean it,5
7145493259815603461,7146682010551075589,2022-09-23,she knows wats going on.,5
7145493259815603461,7146670934623240966,2022-09-23,BBC can‚Äôt get tomorrows weather forecast right and you want me to believe their predictions for years ahead üòÇüòÇüòÇ,5
7147939302440291627,7151338479614559018,2022-10-06,There should be a place or company where u can recycle stuff and they can come out and pick trash up ima start recycling so what do I do with my 1/2,5
7155879504114715910,7155882052520772358,2022-10-18,Your hair is absolutely beautifullll üòç,5
7154373264914009350,7182997798047843078,2022-12-30,"""peaceful """,5
7157913634226654466,7157921511734559494,2022-10-24,Security?,5
7148609970748198190,7160720469926642475,2022-10-31,People don't realize that the bible literally said NOONE would know when the end times come anyway,5
7148609970748198190,7148649784424678186,2022-09-29,Amazing! However you forgot about the Aztec countdown in 2012üòÖ,5
7156301698414284037,7219057904766501638,2023-04-06,"""Just stop oil"", an organization that receives crypto; a company that receives funding from ""Climate Emergency Fund"" of Aileen Getty.",4
7152671402192276742,7152709675917787946,2022-10-10,It‚Äôs so bad in Northern California as well:/ California needs to re think how they do salmon conservation before it‚Äôs too late. We are down 200k,4
7145493259815603461,7146730052326916870,2022-09-24,LOVE THIS WOMAN,4
7145493259815603461,7151598457916326698,2022-10-07,the earth repairs itself after a meteor wiped out life here we are standing now talking on our phones. the earth is fine,4
7145493259815603461,7146666835013059333,2022-09-23,W joe rogan,4
7144904794828737838,7145013850943881986,2022-09-19,As an Australian I thought all of this was obvious?,4
7154097477094870318,7154221520670999342,2022-10-14,imagine how pretty the sky would look at night if it weren‚Äôt polluted so much,4
7146900341810810139,7417990041358729985,2024-09-23,‡∏ö‡∏≤‡∏á‡∏´‡∏°‡∏≠‡∏ö‡∏≠‡∏Å‡∏£‡πà‡∏≤‡∏á‡∏Å‡∏≤‡∏¢‡∏à‡∏∞‡∏™‡∏´‡∏•‡∏≤‡∏¢‡∏Å‡∏•‡πâ‡∏≤‡∏°‡πÄ‡∏ô‡∏∑‡πâ‡∏≠‡∏°‡∏≤‡πÉ‡∏ä‡πâ‡∏á‡∏≤‡∏ô‡πÅ‡∏•‡πâ‡∏ß‡∏ú‡∏°‡∏à‡∏∞‡πÄ‡∏ä‡∏∑‡πà‡∏≠‡πÉ‡∏Ñ‡∏£‡∏î‡∏µ,4
7147939302440291627,7148086510817460998,2022-09-27,that happened in the 70s and 80s ffs nothings gonna happen,4
7153242827323919659,7156313721877742342,2022-10-19,I LOVE UR SCIENCE TEACHER üíÄüíÄ,4
7147939302440291627,7148129933687604010,2022-09-27,nothing we can do tbh,4
7147939302440291627,7148097144770396929,2022-09-27,My mom told me that this happened in like 1995 they thought hey were all gonna die after a couple of years but they didn‚Äôt!!!,4
7147939302440291627,7147946208475251457,2022-09-27,I'm scared now because the action is very low,4
7144573582440484122,7144602902382887685,2022-09-18,‡πÅ‡∏ô‡∏ß‡∏Ñ‡∏¥‡∏î‡∏û‡∏£‡∏∞‡∏≠‡∏£‡∏¥‡∏¢‡∏∞‡∏Ñ‡∏£‡∏±‡∏ö‡∏™‡∏≤‡∏ò‡∏∏ ‡πÄ‡∏Å‡∏©‡∏ï‡∏£‡∏ß‡∏¥‡∏ñ‡∏µ‡∏û‡∏∏‡∏ó‡∏ò‡πÇ‡∏î‡∏¢‡πÄ‡πÄ‡∏ó‡πâ‡∏Ñ‡∏£‡∏±‡∏ö,4
7153721007835008298,7154302578612257562,2022-10-14,M·∫•y thanh ƒë√≥ l√† ch√¨ ƒë·ªÉ gi·∫£m t·ªëc c·ªßa h·∫°t m√† ta:00,4
7146900341810810139,7432953061515117318,2024-11-03,‡πÄ‡∏£‡∏≤‡∏Å‡πá‡∏Å‡∏¥‡∏ô‡πÄ‡∏ó‡∏µ‡πà‡∏¢‡∏á‡πÅ‡∏•‡∏∞‡πÄ‡∏¢‡πá‡∏ô ‡∏´‡πâ‡∏≤‡∏õ‡∏µ‡∏°‡∏≤‡∏ô‡∏µ‡πâ‡∏ä‡πà‡∏ß‡∏á‡πÄ‡∏ä‡πâ‡∏≤‡∏Å‡∏¥‡∏ô‡∏Å‡∏≤‡πÅ‡∏ü ‡∏ä‡∏≤‡πÄ‡∏Ç‡∏µ‡∏¢‡∏ß ‡πÑ‡∏Ç‡∏°‡∏±‡∏ô‡∏û‡∏∏‡πà‡∏á‡πÄ‡∏•‡∏¢,4
7151334610167794950,7155129787605615366,2022-10-16,"üòÇüòÇüòÇMa starai scherzando, spero!!!",4
7144573582440484122,7144597351968097051,2022-09-18,‡πÄ‡∏õ‡πá‡∏ô‡∏ó‡∏∏‡∏Å‡∏ó‡∏µ‡πà‡∏õ‡∏ß‡∏î‡∏´‡∏±‡∏ß‡∏Ñ‡∏£‡∏±‡∏ö,4
7157913634226654466,7157942926320386862,2022-10-24,Oh yes this will help climate change??? How and why does this have anything to do with climate change?,4
7144573582440484122,7458972296326906632,2025-01-12,‡∏ù‡∏±‡πà‡∏á‡πÄ‡∏≠‡∏µ‡∏¢‡∏á ‡πÄ‡∏õ‡πá‡∏ô‡∏ó‡∏µ‡πà‡∏î‡∏¥‡∏ô‡∏Ç‡∏≠‡∏á‡πÉ‡∏Ñ‡∏£ ‡∏ñ‡πâ‡∏≤ ‡∏Ç‡∏≠‡∏á‡πÄ‡∏£‡∏≤‡πÄ‡∏£‡∏≤ ‡πÄ‡∏Ç‡πâ‡∏≤‡∏´‡∏≤‡πÄ‡∏Ç‡∏≤‡∏ñ‡πâ‡∏≤‡∏ó‡∏µ‡πà‡πÄ‡∏Ç‡∏≤‡πÄ‡∏Ç‡∏≤‡∏´‡∏≤‡πÄ‡∏£‡∏≤‡∏°‡∏≤‡∏Å‡πÄ‡∏Å‡∏¥‡∏ô‡πÅ‡∏ï‡πà‡πÄ‡∏Ç‡∏≤‡∏Å‡πá‡∏¢‡∏±‡∏á ‡∏≠‡∏¢‡∏π‡πà‡πÉ‡∏ô ‡∏ú‡∏∑‡∏ô‡∏ó‡∏µ‡πà‡πÄ‡∏Ç‡∏≤‡∏≠‡∏¢‡∏π‡πà‡∏ó‡∏≥‡∏≠‡∏∞‡πÑ‡∏£‡πÑ‡∏°‡πà‡πÑ‡∏î‡πâ ‡∏ï‡∏≤‡∏°‡∏Ñ‡∏ß‡∏≤‡∏°‡∏à‡∏£‡∏¥‡∏á‡πÅ‡∏•‡πâ‡∏ß‡∏£‡∏ñ‡πÑ‡∏ñ‡πÄ‡∏Ç‡πâ‡∏≤‡πÑ‡∏°‡πà‡∏ñ‡∏∂‡∏á‡∏Å‡∏≥‡πÅ‡∏û‡∏á‡∏´‡∏£‡∏≠‡∏Å ‡∏à‡∏∞‡πÄ‡∏ß‡πâ‡∏ô‡πÄ‡∏õ‡πá‡∏ô‡πÄ‡∏°‡∏ï‡∏£,4
7146900341810810139,7146933047124345626,2022-09-24,‡∏à‡∏£‡∏¥‡∏á‡∏Ñ‡πà‡∏∞ ‡∏Ñ‡∏ô‡πÅ‡∏Å‡πà‡πÅ‡∏ñ‡∏ß‡∏ö‡πâ‡∏≤‡∏ô‡∏≠‡∏≤‡∏¢‡∏∏ 80‡∏≠‡∏±‡∏û ‡πÄ‡∏´‡πá‡∏ô‡∏ó‡∏≤‡∏ô‡∏ô‡πâ‡∏≠‡∏¢‡∏°‡∏≤‡∏Å‡∏Ñ‡πà‡∏∞ ‡∏≠‡∏≤‡∏´‡∏≤‡∏£‡∏™‡πà‡∏ß‡∏ô‡∏°‡∏≤‡∏Å‡∏ú‡∏±‡∏Å‡∏õ‡∏•‡∏≤ ‡∏Å‡∏•‡πâ‡∏ß‡∏¢‡∏ô‡πâ‡∏≥‡∏ß‡πâ‡∏≤ ‡∏ä‡∏≠‡∏ö‡∏ó‡∏≥‡∏™‡∏ß‡∏ô‡∏õ‡∏•‡∏π‡∏Å‡∏ï‡πâ‡∏ô‡πÑ‡∏õ‡πÄ‡∏£‡∏∑‡πà‡∏≠‡∏¢ ‡πÅ‡∏Ç‡πá‡∏á‡πÅ‡∏£‡∏á‡πÄ‡∏î‡∏¥‡∏ô‡πÑ‡∏ß‡∏¢‡∏¥‡πà‡∏á‡∏Å‡∏ß‡πà‡∏≤‡∏™‡∏≤‡∏ß‡πÜ‡∏≠‡∏µ‡∏Å‡∏Ñ‡πà‡∏∞üòÅ,4
7153242827323919659,7180476185762644778,2022-12-23,Holy shit how did you do it,3
7145640089220222254,7145653474193933102,2022-09-21,Let talk about Miami not making ANY changes with the infrastructure to withstand flooding but they'll still build multi million dollar buildings,3
7145640089220222254,7145642439616348970,2022-09-21,It‚Äôs crazy to me people still don‚Äôt wanna take global warming serious. Mother Nature is SCREAMINGGGGG at us.,3
7158627404683054382,7158632749480772394,2022-10-26,I see you all the way from NY! Wish I could vote for you! Thank you for everything you do!,3
7143344050417077509,7143399169112736517,2022-09-15,je suis de tout coeur avec toi j'ai perdu ma maison en 2019 je sais se que sa fait ü•∫,3
7156301698414284037,7188963546582549290,2023-01-15,GET THEIR ATTENTION!,3
7156301698414284037,7160064033374372654,2022-10-29,"It‚Äôs actually nice to hear their side, at least the intent wasn‚Äôt to damage the paintings",3
7158627404683054382,7158634798118830894,2022-10-26,"Thank you for what you do. There are VERY few people in Congress that I feel are fighting for middle class America, but you give us hope.ü•∞ü•∞ü•∞",3
7147939302440291627,7148216999678968578,2022-09-28,WHAT DO U WANT ME TO DO ABOUT IT TF??,3
7147939302440291627,7148080385384006401,2022-09-27,Favourite colour? Mines green + purple(:,3
7147939302440291627,7149963222677127979,2022-10-02,Jesus is coming ! üôèüèº‚ù§Ô∏è,3
7143623069284748550,7144085991761609478,2022-09-16,now i feel bad for existing,3
7148609970748198190,7149296641286619950,2022-09-30,This is a part 2 btw.,3
7153721007835008298,7153778856699265835,2022-10-12,Don‚Äôt you just hate it when you drop your nuclear fuel when moving it from the reactor core to the spent fuel pool?,3
7148436887957540102,7148439189518811909,2022-09-28,"im already feeling dead inside, will capitalism give me an upgrade?",3
7149420236008115457,7149433894416188162,2022-10-01,Yes theory,3
7146396688104590634,7146425740098896683,2022-09-23,Making climate change out to be something to not be concerned about is a dangerous thing man.,3
7143623069284748550,7143719945788605230,2022-09-15,Who's we?,3
7155879504114715910,7155880549575803691,2022-10-18,"So, yeah üòÅ",3
7157857554817748230,7163667942147769094,2022-11-08,ÿßŸÜÿß ŸàÿßŸÑŸÑŸá ŸÉŸÜÿ™ ŸÑÿ≥ÿß ÿπŸÜÿØŸä ÿßŸÖÿ™ÿ≠ÿßŸÜ ÿπŸÜ ÿ™ÿ∫Ÿäÿ± ÿßŸÑŸÖŸÜÿßÿÆ,3
7155163691657350405,7155444607814402822,2022-10-17,"her motivations are sooo important tho, the conversation does need to be talked about",3
7156922485236157701,7157047539899220742,2022-10-21,si per√≤ come smaltisci le batterie?,3
7157913634226654466,7157916986503168774,2022-10-24,#relatable #mylifebelike,3
7155879504114715910,7155882438642942762,2022-10-18,the definition of some people to happiness is very sad üòî,3
7147746563689893126,7149507222815785734,2022-10-01,We don't deserve anything,3
7143344050417077509,7143682245727175429,2022-09-15,C‚Äôest le Nouveau Centre de Baln√©oth√©rapie avec jacuzzi ?,3
7156301698414284037,7180675477949481754,2022-12-24,love that speech but all that throwing soup onto van gogh's painting was completely unnecessary üò≠ she couldve chosen a different way üò≠üò≠,3
7147314461160819995,7410365678949630736,2024-09-03,masakit isipin na kaya tayong iligtas n sierra madre pro cya d natin kayang alagaan..masakit na katotohan...maisip lng ntn ang halaga nya pag may bagyo oh kalamidadü•≤ü•≤ü•≤ü•≤,3
7148609970748198190,7149709549023937323,2022-10-02,My father believed Harold Camping. It was a trying period.,2
7152250702553779462,7152610210598208261,2022-10-09,bro there was fuckikg 4 in my room tdy,2
7152250702553779462,7152741307990508294,2022-10-10,i leave my window open and they fly in every time,2
7156922485236157701,7157036545357513477,2022-10-21,A Cagliari c‚Äô√® da pi√π di 6 anni non mi sembra una grande scopertaüòÖ,2
7152250702553779462,7152714744549589766,2022-10-10,yeah living in vancouver rn is not fun,2
7148609970748198190,7150373366158803754,2022-10-03,"Wait, wait‚Ä¶ What‚Äôs this about the Feast of Anunciatuon??",2
7156922485236157701,7156947964850094853,2022-10-21,per√≤ il 53 √® comunque in ritardo,2
7158627404683054382,7158659745557037870,2022-10-26,"This is the smartest, brightest. Most Real Woman In Government! Watch her Star Shine over the next 30 years. I will bet on this",2
7143623069284748550,7144442227663405870,2022-09-17,I wish but it‚Äôs too late,2
7151334610167794950,7159199689937175301,2022-10-27,"io ho l'ansia quando peno alle persone che hanno l'ansia per il cambiamento climatico, cosa posso fare?",2
7152250702553779462,7152606968422433541,2022-10-09,I thought they were out to get me,2
7148609970748198190,7148780447651136302,2022-09-29,Harold camping‚Ä¶ that‚Äôs a classic throwback,2
7157857554817748230,7163609151104860930,2022-11-08,ÿ¨ŸÖŸäŸÑ ÿ¨ÿØÿß,2
7148609970748198190,7154024356804231978,2022-10-13,no man may know the day or the hour,2
7151033928864795909,7151143518463197957,2022-10-05,They care not for the next generations. For the years to come. They only care that the number in their bank account rises.,2
7148609970748198190,7148846836357579563,2022-09-29,I heard a comet is going to dry up the Euphrates river!,2
7144904794828737838,7145044025099027206,2022-09-19,"you need to take into account the humidity for Irish winter.
it's a wet cold not a dry cold.
so it feels colder than it is.",2
7156301698414284037,7188156894296916742,2023-01-13,I kinda get it tho,2
7148609970748198190,7152793662375609131,2022-10-10,It only sounds crazy when you say it all together like that.,2
7150168141916540166,7164435568323150597,2022-11-10,renewable energy is great but you still need oil in order to produce most things we have in this world,2
7153721007835008298,7155801344208864026,2022-10-18,I see no graphite,2
7144573582440484122,7195971892757562139,2023-02-03,‡∏à‡∏¥‡∏ï‡πÉ‡∏à‡πÄ‡∏¢‡∏µ‡πà‡∏¢‡∏°‡∏°‡∏≤‡∏Å ‡∏Ñ‡∏£‡∏±‡∏ö,2
7152250702553779462,7152639238118507270,2022-10-09,THEY ARE ACTUALLY EVERYWHERE üò≠üò≠,2
7158627404683054382,7158634860060705582,2022-10-26,We love you Katie! Keep speaking the truths LOUDLY ü•∞,2
7152671402192276742,7152991377545462533,2022-10-10,"Well done, thanks for bringing attention to the challenges salmon are facing because of climate change.",2
7153721007835008298,7153760409343558446,2022-10-12,Water is so cool,2
7144573582440484122,7194820217921815323,2023-01-31,‡∏ô‡∏±‡∏ö‡∏ñ‡∏∑‡∏≠ ‡∏Ñ‡∏ß‡∏≤‡∏°‡πÄ‡∏õ‡πá‡∏ô‡∏ï‡∏±‡∏ß‡∏ï‡∏ô‡∏Ç‡∏≠‡∏á‡∏û‡∏µ‡πà ‡∏à‡∏£‡∏¥‡∏á‡πÜ ‡∏Ñ‡∏£‡∏±‡∏ö,2
7153242827323919659,7167523290017104666,2022-11-19,I AM NOT LYING BUT ONE OF MY TEACHER SHOWED THE END AND TALK ABT BETRAYING PPL,2
7153242827323919659,7155692924017066753,2022-10-18,Pls if this was me in class I would be fangirling,2
7143623069284748550,7143792951592911662,2022-09-16,"there is 13,000 tigers left in the world",2
7153242827323919659,7155932398684635950,2022-10-18,bruh ask your teacher if play uh baldi basic but in math class good luck with you,2
7144573582440484122,7196213426532090651,2023-02-04,‡∏ó‡∏±‡∏®‡∏ô‡∏Ñ‡∏ï‡∏¥ ‡∏î‡∏µ‡∏°‡∏≤‡∏Å‡∏Ñ‡∏£‡∏±‡∏ö ‡∏õ‡∏•‡πà‡∏≠‡∏¢‡∏ß‡πà‡∏≤‡∏á‡πÑ‡∏°‡πà‡∏ó‡∏∏‡∏Å‡∏Ç‡πå,2
7149420236008115457,7149421954658796289,2022-10-01,NAS daily rn üëÅüëÑüëÅ,2
7144573582440484122,7186435040752976667,2023-01-08,‡∏™‡∏π‡∏î‡∏¢‡∏≠‡∏î‡πÄ‡∏•‡∏¢‡∏Ñ‡πà‡∏∞,2
7152250702553779462,7152911271493796609,2022-10-10,I FOUND ONE ON MY NIGHT STAND YESTERDAY INFRONT OF MY CLOCK AND I ALMOST TOUCHED IT üò≠üò≠,2
7144573582440484122,7144599781905793819,2022-09-18,‡πÉ‡∏ä‡πà‡πÄ‡∏•‡∏¢‡∏Ñ‡∏∞‡∏ï‡πâ‡∏≠‡∏á‡∏ä‡∏∞‡∏ô‡∏∞‡πÉ‡∏à‡∏ï‡∏±‡∏ß‡πÄ‡∏≠‡∏á‡πÉ‡∏´‡πâ‡πÑ‡∏î‡πâ‡∏à‡πâ‡∏≤,2
7144573582440484122,7144585994904339227,2022-09-18,‡∏™‡∏ß‡∏±‡∏™‡∏î‡∏µ‡∏Ñ‡∏∞ ‡∏Ñ‡∏¥‡∏î‡∏î‡∏µ ‡∏Ñ‡∏¥‡∏î‡∏ö‡∏ß‡∏Å ‡∏à‡∏£‡∏¥‡∏á‡πÜ‡∏õ‡∏±‡∏ç‡∏´‡∏≤‡πÅ‡∏ö‡∏ö‡∏ô‡∏µ‡πâ‡∏°‡∏µ‡∏ó‡∏∏‡∏Å‡∏ó‡∏µ‡πà ‡∏ó‡∏µ‡πà‡πÑ‡∏õ‡πÄ‡∏à‡∏≠‡∏Ñ‡∏ô‡∏ó‡∏µ‡πà‡πÄ‡∏´‡πá‡∏ô‡πÅ‡∏Å‡∏ï‡∏±‡∏ß ‡πÄ‡∏£‡∏≤‡∏ó‡∏≥‡πÄ‡∏õ‡πá‡∏ô‡πÄ‡∏â‡∏¢‡πÜ‡πÄ‡∏î‡∏µ‡∏¢‡∏ß‡πÄ‡∏Ñ‡πâ‡∏≤‡∏Å‡πá‡πÅ‡∏û‡πâ‡∏†‡∏±‡∏¢‡πÑ‡∏õ‡πÄ‡∏≠‡∏á,2
7144573582440484122,7196191625880683265,2023-02-04,‡πÄ‡∏Ç‡πâ‡∏≤‡πÉ‡∏à‡∏Ñ‡πà‡∏∞ü•∞ü•∞ü•∞‡∏ó‡∏µ‡πà‡∏ö‡πâ‡∏≤‡∏ô‡πÄ‡∏à‡∏≠‡πÅ‡∏ö‡∏ö‡∏µ‡πâ‡πÄ‡∏´‡∏°‡∏∑‡∏≠‡∏ô‡∏Å‡∏±‡∏ô‡∏Ñ‡πà‡∏∞ü•∫ü•∫ü•∫,2
7157913634226654466,7157940787656688430,2022-10-24,At this point just check ppl‚Äôs bags before entering museums,2
7144573582440484122,7186571131758740250,2023-01-09,‡∏™‡∏∏‡∏î‡∏¢‡∏≠‡∏î‡∏°‡∏≤‡∏Å‡πÜ‡∏Ñ‡∏£‡∏±‡∏ö,2
7153242827323919659,7153475394003829546,2022-10-12,NO CUZ MY TEACHER USED TO WATCH IT üòÉüòÉ,2
7144573582440484122,7176100565432533787,2022-12-12,‡∏õ‡∏Å‡∏ï‡∏¥‡∏ô‡∏≤‡∏ï‡πâ‡∏≠‡∏á‡∏°‡∏µ‡∏Ñ‡∏±‡∏ô‡∏ô‡∏≤‡πÑ‡∏°‡πà‡πÉ‡∏ä‡πà‡∏õ‡∏•‡∏π‡∏Å‡∏Ç‡πâ‡∏≤‡∏ß‡∏ï‡∏¥‡∏î‡∏Å‡∏≥‡πÅ‡∏û‡∏á‡πÄ‡∏•‡∏¢,2
7157913634226654466,7157916441889473286,2022-10-24,"the original girl that went viral did an interview saying that she knows its weird, but the point was to start a conversation an get peoples attention",2
7152250702553779462,7152763999305990918,2022-10-10,One of these flew straight into my eye,2
7144573582440484122,7340277579028742914,2024-02-27,‡πÄ‡∏´‡∏°‡∏∑‡∏≠‡∏ô‡πÄ‡∏Ñ‡πâ‡∏≤‡πÅ‡∏Å‡∏•‡πâ‡∏á‡πÄ‡∏£‡∏≤‡∏´‡∏£‡∏∑‡∏≠‡πÄ‡∏õ‡∏•‡πà‡∏≤‡∏Ñ‡πà‡∏∞,2
7152250702553779462,7152904114321179397,2022-10-10,Oh shit wtf,2
7153721007835008298,7166458655360631558,2022-11-16,Just me that find this terrifying? Once filmed a ppe vid for a nuclear plant that was decommissioning. Nobody told us there was an alarm drill on 1/2,2
7144573582440484122,7187040503324508954,2023-01-10,‡∏Ç‡∏≠‡∏ö‡∏Ñ‡∏∏‡∏ì‡∏Ñ‡∏ß‡∏≤‡∏°‡∏Ñ‡∏¥‡∏î‡∏Ñ‡∏£‡∏±‡∏ö‡∏õ‡∏•‡πà‡∏≠‡∏¢‡∏ß‡∏≤‡∏áü•∞ü•∞ü•∞,2
7153721007835008298,7165046760078967557,2022-11-12,et la plouf il le l√¢che... Il va retourner sur la Lune avant la fus√©e SLS mdr ü§£,2
7143962475757604101,7144036803510993669,2022-09-16,"molte volte basta pulire i letti dei fiumi e sistemare gli argini, ma il problema per gli ecologisti sono le frecce tricolori a monza",2
7159681803257662762,7159914883239822126,2022-10-29,"Katie, you are a national treasure. Thank you for all that you do.",2
7148436887957540102,7148450122518692651,2022-09-28,The Shakira outro is tops,2
7143962475757604101,7144279019143480070,2022-09-17,"Raga sono d‚Äôaccordo con il cambiamento climatico, ma le alluvioni in quelle zone sono sempre successe. Il",2
7155879504114715910,7155881471969526533,2022-10-18,Am still in shock why they still don't understand our continentü•∫,2
7159681803257662762,7159684793542001454,2022-10-28,Thank you Katie,2
7155879504114715910,7188967256582980358,2023-01-15,Ur so pretty omgggg üíïüíï,2
7155879504114715910,7174229282003534635,2022-12-07,ive lived in nyc all my life its literally my dream to live somewhere where i can like actually see nature üò≠,2
7147939302440291627,7151438106960724741,2022-10-06,Why ‚Ä¶. We are litterely too young‚Ä¶..,2
7154097477094870318,7154299267200156418,2022-10-14,bro i didn‚Äôt know you could stain the air with lights,2
7143962475757604101,7144059048459420421,2022-09-16,il pianeta terra ormai √® finito ü•∫,2
7147939302440291627,7148017058411545345,2022-09-27,oh so if we dont die immediately then i wanna change it,2
7159681803257662762,7166046178193441578,2022-11-15,It‚Äôs too late.,2
7147939302440291627,7148134941413917482,2022-09-27,how long is the clock???,2
7147314461160819995,7147563852518359835,2022-09-26,"sierra Madre says
naalala nyo lang Ako kapag merong bagyo",2
7147939302440291627,7148101586450760453,2022-09-27,How is there a water shortage if all the ice glaciers melt,2
7143623069284748550,7144663455395152646,2022-09-18,Der Eisb√§r hat mir das Herz gebrochen..,2
7146900341810810139,7259681178424001281,2023-07-25,‡∏ó‡∏≤‡∏ô‡∏°‡∏∑‡πâ‡πÄ‡∏î‡∏µ‡∏¢‡∏ß‡πÄ‡∏´‡∏°‡∏∑‡∏≠‡∏ô‡∏Å‡∏±‡∏ô‡πÅ‡∏ï‡πà‡∏ó‡∏≥‡πÑ‡∏°‡∏ô‡πâ‡∏≥‡∏´‡∏ô‡∏±‡∏Å‡πÑ‡∏°‡πà‡∏•‡∏á‡∏Ñ‡∏∞,2
7146900341810810139,7259966318676853510,2023-07-26,‡∏´‡∏≤‡∏¢‡πÑ‡∏õ‡∏ô‡∏≤‡∏ô‡∏°‡∏≤‡∏Å‡πÄ‡∏û‡∏¥‡πà‡∏á‡πÄ‡∏´‡πá‡∏ô‡∏ß‡∏±‡∏ô‡∏ô‡∏µ‡πâ 26/6/66,2
7146900341810810139,7249165780859486982,2023-06-27,‡∏ú‡∏°‡πÄ‡∏Ñ‡∏¢‡∏´‡∏ô‡∏±‡∏Å 53 ‡∏ó‡∏≥‡∏á‡∏≤‡∏ô5‡∏õ‡∏µ ‡∏´‡∏ô‡∏±‡∏Å65‡πÄ‡∏û‡∏£‡∏≤‡∏∞‡∏ä‡∏≠‡∏ö‡∏Å‡∏¥‡∏ô‡πÄ‡∏ô‡∏∑‡πâ‡∏≠3‡∏ä‡∏±‡πâ‡∏ô ‡∏ó‡∏∏‡∏Å‡∏ß‡∏±‡∏ô‡∏ô‡∏µ‡πâ‡∏õ‡∏£‡∏±‡∏ö‡∏Å‡∏≤‡∏£‡∏Å‡∏¥‡∏ô ‡∏à‡∏≤‡∏Å‡∏Å‡∏¥‡∏ô3‡∏°‡∏∑‡πâ‡∏≠ ‡∏•‡∏î‡πÄ‡∏´‡∏•‡∏∑‡∏≠‡∏ß‡∏±‡∏ô‡∏•‡∏∞‡∏°‡∏∑‡πâ‡∏≠‡∏û‡∏≠ ‡∏à‡∏∞‡πÑ‡∏õ‡∏´‡∏ô‡∏±‡∏Å‡πÄ‡∏•‡∏¢‡∏ö‡πà‡∏≤‡∏¢3‡∏´‡∏£‡∏∑‡∏≠4‡πÇ‡∏°‡∏á‡πÄ‡∏¢‡πá‡∏ô ‡∏ï‡∏≠‡∏ô‡∏ô‡∏µ‡πâ‡∏ô‡πâ‡∏≥‡∏´‡∏ô‡∏±‡∏Å55 ü•∞,2
7146396688104590634,7147538252110775041,2022-09-26,THE MARKET WHAT??? I CANT UNDERSTAND YOU,2
7155163691657350405,7165443119424324379,2022-11-13,What wrong with the painting.,2
7148436887957540102,7148542910999413510,2022-09-28,crying in the bathroom sold separately üòÖüòÖüòÖ,2
7147746563689893126,7152266738968724267,2022-10-08,well lets take better care of earth its not hard,2
7155163691657350405,7155385721003983622,2022-10-17,but your hair git itü§£ü§£ü§£ü§£,2
7154097477094870318,7159710233727992581,2022-10-28,"Quando eu morava em Sergipe, e faltava luz no meu povoado, o c√©u era banhado de estrelas! Mas desde que eu me mudei para Santos s√≥ vejo a Lua e umas e",2
7156301698414284037,7246109232989979438,2023-06-18,Icon,2
7155163691657350405,7155400777950053125,2022-10-17,how much palm oil do heinze use,2
7147746563689893126,7148647482515243818,2022-09-29,that's your governments for you,2
7148436887957540102,7148512010563502853,2022-09-28,"don't worry about big corporations polluting, they give a bunch of money and now they're ‚ú® carbon neutral ‚ú®",2
7146900341810810139,7311270725925765894,2023-12-11,"‡∏î‡∏µ‡∏à‡∏±‡∏á‡πÄ‡∏•‡∏¢‡∏Ñ‡πà‡∏∞
‡∏Å‡∏¥‡∏ô‡∏ß‡∏±‡∏ô‡∏°‡∏∑‡πâ‡∏≠‡πÄ‡∏ä‡πà‡∏ô‡πÄ‡∏î‡∏µ‡∏¢‡∏ß‡∏Å‡∏±‡∏ô‡∏Ñ‡πà‡∏∞ ü•∞ü•∞ü•∞",2
7156301698414284037,7224740633297388334,2023-04-22,"yes let's discuss. yes we should be looking at alternative means. however, (per her point) what about the environmental impact of Wind Turb.? yes...",2
7154373264914009350,7183445115691975430,2022-12-31,and their response is... vandalism?,2
7152250702553779462,7152928534897378053,2022-10-10,why...why would we be moving them from one place to another? üò≠,1
7152250702553779462,7152771538412290822,2022-10-10,everyones focusing on the stink bugs when im still stuck on the massive spider at the beginning üßç‚Äç‚ôÄÔ∏è,1
7152250702553779462,7152807721522660102,2022-10-10,they everyfknwhere,1
7152250702553779462,7152938471182484230,2022-10-10,maybe i'm in a lucky spot bc i don't see any???,1
7152250702553779462,7152760681425666821,2022-10-10,Omg,1
7152250702553779462,7152749790669177605,2022-10-10,there was a HUGE one in my workplace yesterday and I screamed. truly hoping not to see more,1
7152250702553779462,7152873318214714117,2022-10-10,Why is no one talking about the spider üò≥,1
7156549294097435909,7156866244393288454,2022-10-21,Io non so che problemi hanno i miei occhi ma mentre il mio ragazzo la vedeva verde io l‚Äôho vista bianca üò≥,1
7153721007835008298,7156155122217075461,2022-10-19,forbidden swimming pool,1
7143962475757604101,7144047998954832645,2022-09-16,e colpa delle deforestazioni perch√© gli alberi intrappolano anidrite carbonica in mancanza di essi e il mare a raccogliere anidride carbonica (continu,1
7155163691657350405,7164897570953921285,2022-11-11,skay ig,1
7155879504114715910,7155943016594440961,2022-10-18,love you üòç üíó,1
7157857554817748230,7163298020409852678,2022-11-07,üôÄ,1
7157857554817748230,7160813637232722694,2022-10-31,ÿπÿßÿ¥ ŸàÿßŸÑŸÑŸáü•∞‚ù§Ô∏è,1
7155879504114715910,7156025097220539182,2022-10-19,Powerful words and beautifully spoken üå∫üíØ‚ô•Ô∏è,1
7157857554817748230,7163675214357431045,2022-11-08,ÿ¨ŸÖŸäŸÑ ÿ¨ÿØŸÜ,1
7156922485236157701,7157004470051930885,2022-10-21,POV: I Bro non conoscono i filobus/Iveco Urbanway,1
7155879504114715910,7155880658251563822,2022-10-18,I'm glad you broke character to make this PSA about people around us who sustain and support us.,1
7156922485236157701,7157061645247447814,2022-10-21,Venesia se avanti,1
7143962475757604101,7143965444053975813,2022-09-16,"io vivo nelle Marche vicino al conero, casa mia si √® allargata, i sottopassaggi erano pieni d'acqua e la tempesta √® durata 6 ore",1
7144573582440484122,7186261908248429338,2023-01-08,‡∏Ç‡∏≠‡∏ö‡∏Ñ‡∏∏‡∏ì‡∏°‡∏≤‡∏Å‡∏ô‡∏∞‡∏Ñ‡∏∞ ‡∏ñ‡∏∂‡∏á‡πÅ‡∏°‡πâ‡∏ß‡πà‡∏≤‡∏à‡∏∞‡∏ï‡πà‡∏≤‡∏á‡∏Å‡∏£‡∏£‡∏°‡∏ï‡πà‡∏≤‡∏á‡∏ß‡∏≤‡∏£‡∏∞ ‡πÅ‡∏ï‡πà‡πÄ‡∏£‡∏∑‡πà‡∏≠‡∏á‡∏£‡∏≤‡∏ß‡∏Ç‡∏≠‡∏á‡∏Ñ‡∏∏‡∏ì‡∏ó‡∏≥‡πÉ‡∏´‡πâ‡πÄ‡∏£‡∏≤‡∏õ‡∏•‡πà‡∏≠‡∏¢‡∏ß‡∏≤‡∏á‡∏ö‡∏≤‡∏á‡∏≠‡∏¢‡πà‡∏≤‡∏á‡πÑ‡∏î‡πâ‡∏ó‡∏±‡∏ô‡∏ó‡∏µ‡πÄ‡∏•‡∏¢‡∏Ñ‡πà‡∏∞ ‡∏Ç‡∏≠‡∏ö‡∏Ñ‡∏∏‡∏ì‡∏≠‡∏µ‡∏Å‡∏Ñ‡∏£‡∏±‡πâ‡∏á‡∏ô‡∏∞‡∏Ñ‡∏∞ ü•∞‚ù§Ô∏è,1
7155879504114715910,7173419334156862209,2022-12-04,I bought three lions yesterday how fancy is that,1
7155163691657350405,7164478318212301573,2022-11-10,as I agree with what she is saying but what I don't agree is the roadblocks and stoping ambulances with people in them that could be dying,1
7156922485236157701,7156948786517197573,2022-10-21,si c'√® anche da dire che il lido √® piccolo,1
7155879504114715910,7155800776475542278,2022-10-18,i agree wth you,1
7155539942368759083,7155756536807506731,2022-10-18,Need that for my Subaru somehow,1
7155879504114715910,7161238149078008618,2022-11-02,I LOVE UR ACCENT,1
7155163691657350405,7155385390714389253,2022-10-17,cud hv put that tin of soup üç≤ in a food bank üòÇ,1
7143962475757604101,7144207164373762821,2022-09-17,crisi climatica? ....,1
7154373264914009350,7154404694935765766,2022-10-14,3 months for her please,1
7154373264914009350,7154411727252521733,2022-10-14,That's it I'm walking home tonight,1
7143962475757604101,7144575417260540677,2022-09-18,che Dio ci aiuti üò™üôè,1
7144573582440484122,7144632679375176475,2022-09-18,‡∏à‡∏£‡∏¥‡∏á‡∏Ñ‡∏∞,1
7143962475757604101,7144068171393614597,2022-09-16,Io sono nelle Marche ma dove abito io non √® arrivato,1
7154373264914009350,7182961999570125573,2022-12-30,You‚Äôll have to have a license to buy paint soon,1
7154373264914009350,7159265204001129222,2022-10-27,"Fundamentally I don't want to give up oil, I drive a hgv and it can't run without diesel which is made from oil. how do we get food in the shops ?",1
7153721007835008298,7184239501157155589,2023-01-03,No se pudre el agua?,1
7156301698414284037,7220973353250259755,2023-04-12,Slightly‚Ä¶.ü§® riiight,1
7156301698414284037,7222421945328993066,2023-04-15,your actions are futile no matter what happens corporations with money will always change laws to benefit them selves,1
7153721007835008298,7155947753456861957,2022-10-18,that water looks heavy üòÇüò¨,1
7156301698414284037,7220006643200066350,2023-04-09,we whould even think of doing it if it wasn‚Äôt behind glassü§ì,1
7153721007835008298,7162978519010034437,2022-11-06,"If they find an efficient way to dispose of radioactive waste, nuclear power will replace every energy source",1
7153721007835008298,7164361211097006874,2022-11-10,what will happen if you jump in that pool,1
7153721007835008298,7163691980462818054,2022-11-08,nuclear power. the answer staring us in the face for 50+ years. why do people dislike it again?,1
7157857554817748230,7163323248653894402,2022-11-07,ü•∞ü•∞ü•∞ü•∞ü•∞ü•∞ü•∞,1
7156301698414284037,7285956642886714158,2023-10-04,"It can still damage the painting due to moister and it going under the glass, also it could be damaged by the cleaning afterwards but they are getting",1
7153721007835008298,7154662484720288514,2022-10-15,is there a way to use the spent rods for power of some sort?,1
7143962475757604101,7144050585813435142,2022-09-16,"Quelli che fanno finta di non vedere √® anche la carenza i tagli che sono stati fatti per la pulizia dei canali, forestali, edilizia .E poi i morti!!üò°",1
7144573582440484122,7186029597367960346,2023-01-07,‡∏Ç‡∏≠‡∏ö‡∏Ñ‡∏∏‡∏ì‡∏°‡∏≤‡∏Å‡πÄ‡∏•‡∏¢‡∏Ñ‡πà‡∏∞ü•∞,1
7155163691657350405,7184890172387214086,2023-01-04,"Why do they all look like they need a good wash, I know they wanna stop oil but don‚Äôt stop",1
7154373264914009350,7158084655077720838,2022-10-24,wait until there is no oil based paint left. then what you going to do?,1
7143962475757604101,7144658469291148037,2022-09-18,"tutti parlano di Cingoli Macerata...
ma i peggio sono i paesini di campagna io sono di Treia le strade inondate di terra e acqua per colpa dei fossi",1
7144573582440484122,7196270327613555482,2023-02-04,‡∏à‡∏¥‡∏ï‡πÉ‡∏à‡∏Ñ‡∏∏‡∏ì‡∏á‡∏î‡∏á‡∏≤‡∏°‡∏°‡∏≤‡∏Å,1
7143962475757604101,7149177952567313157,2022-09-30,nel terzo video √® il paesino in cui vivo e li √® cascato pure un ponte,1
7154373264914009350,7186233699004285701,2023-01-08,"While climate change is certainly a problem, piggybacking a mindless movement for a chance to get away with mindless vandalism is the opposite way to.",1
7143962475757604101,7144055300185670405,2022-09-16,"Prima la siccit√†, poi le alluvioni... ma non si era predetto che avremmo avuto un lungo periodo di siccit√†?",1
7152671402192276742,7152678532748313387,2022-10-10,"Dang, that was a delightfully informative fire hydrant of good information",1
7154373264914009350,7162197188625351429,2022-11-04,"that will help a lot, i think",1
7154373264914009350,7183029739904811782,2022-12-30,Well you‚Äôve just proven yourself guilty üòÇ,1
7143962475757604101,7144101744309093125,2022-09-16,per me √® pi√π una crisi politica e gestionale perch√© questi episodi sono sempre accaduti ma prima venivano gestiti nel modo giusto,1
7143962475757604101,7144382054150963973,2022-09-17,Non vedo non sento e non parloü•∑üèª,1
7154373264914009350,7164296994076099334,2022-11-10,Caught red handed üòÇ,1
7154373264914009350,7185604983085024005,2023-01-06,"I mean, she got a point.",1
7154373264914009350,7183186568293663494,2022-12-31,I'm bare confused on what a sign did to oppose their viewsüò≠üò≠,1
7154373264914009350,7185404540241412869,2023-01-06,isn't that criminal damage,1
7154373264914009350,7184799788385731334,2023-01-04,U do know that spray paint has oil in,1
7143962475757604101,7144239623974421254,2022-09-17,"Questi eventi ci sono sempre stati nella storia della Terra ed anche di pi√π spaventosi e distruttivi, anche quando non c'erano le auto elettriche...",1
7153721007835008298,7153768984783913771,2022-10-12,This is how Baja blast is made,1
7157857554817748230,7160311109194433286,2022-10-30,ÿπÿßÿ¥,1
7155879504114715910,7155882668310758150,2022-10-18,God I love you. Your so sarcastic and funny ‚ù§Ô∏è,1
7157857554817748230,7164251301055054597,2022-11-10,ŸÜŸéŸàŸã,1
7145640089220222254,7145946680634753838,2022-09-21,Not trying to take away from all this wonderful info but like show us your nails ü•∞üíÖ,1
7148609970748198190,7163349253407949614,2022-11-07,you missed the Y2K üòÇ,1
7158627404683054382,7158806505375531822,2022-10-26,We need thousands more like you in government,1
7148609970748198190,7149253238453732139,2022-09-30,"idk man, I saw a dove fart yesterday. Based off of my research the second coming is right around the corner.",1
7158627404683054382,7158685679905145646,2022-10-26,"We need people like Porter in public service. Please vote for her, she is fantastic. üîµ",1
7148609970748198190,7152470578406392622,2022-10-09,He said Hallie Bap,1
7148609970748198190,7148834720193184555,2022-09-29,"you know, they say a comet will destroy the earth this year. ‚ò†Ô∏è",1
7158627404683054382,7158634037656634158,2022-10-26,SLAY!!!,1
7148609970748198190,7162370052233429802,2022-11-05,"*me, sees my golden birthday*
oh. oh that explains SO MANY THINGS",1
7148609970748198190,7148851363240395566,2022-09-29,how did you miss Y2K?!!,1
7144573582440484122,7144595270684132123,2022-09-18,‡πÄ‡∏´‡∏°‡∏∑‡∏≠‡∏ô‡πÜ‡∏Å‡∏±‡∏ô‡πÄ‡∏•‡∏¢‡∏Ñ‡πà‡∏∞‡πÑ‡∏°‡πà‡∏≠‡∏¢‡∏≤‡∏Å‡∏°‡∏µ‡∏õ‡∏±‡∏ç‡∏´‡∏≤,1
7147746563689893126,7169567014586303233,2022-11-24,I LOVE MICROPLASTIC,1
7158627404683054382,7158644687699378986,2022-10-26,Yes. Also. I love you.,1
7144573582440484122,7144584700375778074,2022-09-18,"‡∏≠‡∏ô‡∏∏‡πÇ‡∏°‡∏ó‡∏ô‡∏≤..‡∏™‡∏≤‡∏ò‡∏∏‡πÄ‡∏à‡πâ‡∏≤‡∏Ñ‡πà‡∏∞
‡∏õ‡∏•‡πà‡∏≠‡∏¢‡∏ß‡∏≤‡∏á..‡πÅ‡∏•‡πâ‡∏ß‡∏à‡∏∞‡∏ö‡∏≤‡∏á‡πÄ‡∏ö‡∏≤
‡∏õ‡∏•.‡∏´‡∏ô‡∏π‡∏≠‡∏¢‡∏π‡πà‡∏Ç‡πâ‡∏≤‡∏á‡∏≠‡∏¥‡πÅ‡∏°‡πà..‡πÄ‡∏î‡πâ‡∏≠‡∏à‡πâ‡∏≤üòè",1
7149209471833820462,7149537818300302086,2022-10-01,credit to the company who supplied and fitted that camera,1
7158627404683054382,7158632148633895722,2022-10-26,You‚Äôre The Best. And millions SEE you. Keep Going !!,1
7147939302440291627,7148311374907966214,2022-09-28,It‚Äôs greed they don‚Äôt care all they want is money so the bump are airs to make us sick to make us all be dead,1
7157913634226654466,7186534811938849541,2023-01-09,how does throwing mashed potatoes at a painting help with global warming üíÄ,1
7143344050417077509,7143411207427752709,2022-09-15,oh that toilet is brewing,1
7149420236008115457,7149421438888526594,2022-10-01,Nuuk gets pretty windy üòÇ,1
7148609970748198190,7149895305508127531,2022-10-02,Whyyyy did you skip over Y2K?,1
7147746563689893126,7152236367313306411,2022-10-08,oh okay,1
7148609970748198190,7148844452970971950,2022-09-29,I love the npc chat loops you had there,1
7148436887957540102,7148519778133902086,2022-09-28,A PLASTIC STRAW????,1
7147939302440291627,7148059889029907206,2022-09-27,put tw.,1
7145493259815603461,7145726168572986118,2022-09-21,"thousands of years of science masterminds figuring out how the world works vs. ""YEAH I DON'T THINK SO"" ü§¶ü§¶ü§¶ü§¶ü§¶ü§¶",1
7145493259815603461,7152010885200560942,2022-10-08,Change climate change to environmental change and see how much supporters you‚Äôll get.,1
7145640089220222254,7145892263544701738,2022-09-21,** I am not here to stir up conspiracy im just highlighting that these coincidences are alarming and we need to pay attention to our planet!,1
7147746563689893126,7150076984458380074,2022-10-03,üòÇ Y‚Äôall didn‚Äôt know how it works? Y‚Äôall thought that pollution meant ‚Äúdirty‚Äù for the past 20 years no it‚Äôs toxic and eventually it‚Äôs gonna get so-,1
7147746563689893126,7158252073687499562,2022-10-25,Not my fault,1
7147746563689893126,7152237075433456389,2022-10-08,This is going to be the lead/CFCs of this generation. Except it's so much harder to contain,1
7147746563689893126,7149473761448198918,2022-10-01,Still unknown what the harm of microplastics might be,1
7147746563689893126,7148624366861943558,2022-09-29,if that‚Äôs a credit card where does it go,1
7144904794828737838,7145128414625301253,2022-09-19,Who's guessing UK??,1
7147746563689893126,7149453381416780550,2022-10-01,Lead Paint was safer.,1
7158627404683054382,7158644045567656750,2022-10-26,@showme_yourmask did you know Katie Porter has 2 accounts now?,1
7147746563689893126,7155688328717009669,2022-10-18,if they research this why not put us on bio degradable plastic years ago,1
7147746563689893126,7148273637745017606,2022-09-28,well it‚Äôs in all of us too,1
7158627404683054382,7158633189728502570,2022-10-26,Yes! Taylor would be proud of this üòÅ,1
7144904794828737838,7145132476074754822,2022-09-19,This is common knowledge,1
7159681803257662762,7159949223157646126,2022-10-29,PUT ME IN COACH.,1
7144904794828737838,7147287615330419461,2022-09-25,Spain and Portugal are in Europe,1
7157913634226654466,7158792134102516481,2022-10-26,"this is a good tactic to spread their message ngl, the paintings not gonna get damaged it has a layer on top, it spreads news quickly",1
7145640089220222254,7145803061452604206,2022-09-21,Mother Nature is for sure speaking to us with the synchronicities. High key. üåø She‚Äôs not playing with us.,1
7147939302440291627,7148307398292357894,2022-09-28,"Great, i will not even have kids by thenüíÄ",1
7146900341810810139,7267238671073215233,2023-08-14,‡∏à‡∏£‡∏¥‡∏á‡∏Ñ‡πà‡∏∞ /‡πÄ‡∏£‡∏≤‡∏Å‡∏¥‡∏ô‡∏°‡∏∑‡πâ‡∏≠‡πÄ‡∏¢‡πá‡∏ô‡∏°‡∏∑‡πâ‡∏≠‡πÄ‡∏î‡∏µ‡∏¢‡∏ß ‡πÑ‡∏°‡πà‡πÄ‡∏à‡πá‡∏ö‡πÑ‡∏Ç‡πâ‡πÑ‡∏°‡πà‡∏õ‡πà‡∏ß‡∏¢‡πÄ‡∏•‡∏¢‡∏Ñ‡πà‡∏∞ 12 ‡∏õ‡∏µ‡πÅ‡∏•‡πâ‡∏ß‡∏ó‡∏µ‡πà‡∏Å‡∏¥‡∏ô‡πÅ‡∏ö‡∏ö‡∏ô‡∏µ‡πâ,1
7146900341810810139,7385903519314739969,2024-06-29,‡∏ô‡πâ‡∏≥‡∏Å‡∏£‡∏î‡∏à‡∏∞‡∏≠‡∏≠‡∏Å‡∏°‡∏≤‡πÉ‡∏ô‡πÅ‡∏ï‡πà‡∏•‡∏∞‡∏°‡∏∑‡πâ‡∏≠‡πÅ‡∏ï‡πà‡∏ñ‡πâ‡∏≤‡∏Å‡∏¥‡∏ô‡∏°‡∏∑‡πâ‡∏≠‡πÄ‡∏î‡∏µ‡∏¢‡∏ß‡∏ô‡πâ‡∏≥‡∏Å‡πá‡∏à‡∏∞‡πÑ‡∏°‡πà‡∏Å‡∏±‡∏î‡∏Å‡∏£‡∏∞‡πÄ‡∏û‡∏≤‡∏∞‡∏´‡∏£‡∏≠‡∏Ñ‡∏£‡∏±‡∏ö,1
7157857554817748230,7164963226726990597,2022-11-12,ÿßŸà ŸÖŸÖŸÉŸÜ ŸÜÿ±ÿßÿπŸâ ŸàŸÜÿ™ŸÇŸâ ÿ±ÿ®ŸÜÿß,1
7146900341810810139,7267294266559791890,2023-08-14,‡∏Å‡∏¥‡∏ô‡∏Ç‡πâ‡∏≤‡∏ß‡∏°‡∏∑‡πâ‡∏≠‡πÄ‡∏î‡∏µ‡∏¢‡∏ß‡πÅ‡∏•‡∏∞‡∏Å‡∏¥‡∏ô‡∏°‡∏±‡∏á‡∏™‡∏ß‡∏¥‡∏£‡∏±‡∏ï‡∏¥‡πÄ‡∏´‡∏°‡∏∑‡∏≠‡∏ô‡∏Å‡∏±‡∏ô‡∏Ñ‡πà‡∏∞ üôèüíù,1
7146900341810810139,7247123032099242758,2023-06-21,‡∏ó‡∏≥‡πÑ‡∏° ‡∏•‡∏∏‡∏á‡∏û‡∏•‡πÄ‡∏´‡∏°‡∏∑‡πà‡∏≠‡∏ô‡∏û‡∏µ‡πà‡∏à‡∏±‡∏á,1
7159681803257662762,7159682485717173035,2022-10-28,Hell yes‚Ä¶. You are amazing!!!!!!!,1
7146900341810810139,7266967837636477701,2023-08-14,‡∏ó‡∏≥‡πÑ‡∏°‡πà‡πÄ‡∏õ‡πá‡∏ô‡πÇ‡∏£‡∏Ñ‡∏Å‡∏£‡∏∞‡πÄ‡∏û‡∏≤‡∏∞‡∏ô‡∏∞,1
7146900341810810139,7429368540602745601,2024-10-24,‡∏Å‡∏¥‡∏ô‡∏°‡∏∑‡πâ‡∏≠‡πÄ‡∏î‡∏µ‡∏¢‡∏ß‡πÄ‡∏â‡∏û‡∏≤‡∏∞‡∏ï‡∏≠‡∏ô‡πÄ‡∏¢‡πá‡∏ô‡πÑ‡∏î‡πâ‡πÑ‡∏´‡∏°‡∏Ñ‡∏£‡∏±‡∏ö,1
7155879504114715910,7155769880397906693,2022-10-18,"As Travor Noah said you can't feel poor if all people near you are ""poor"" that's us African we are proud üôå Love your Content Sister üáøüá¶",1
7146900341810810139,7447455310317749010,2024-12-12,‡∏≠‡∏£‡πà‡∏≠‡∏¢‡πÜ‡πÜ‡∏Ñ‡πà‡∏∞‡∏≠‡∏≤‡∏´‡∏≤‡∏£‡πÇ‡∏õ‡∏£‡∏î‡πÄ‡∏•‡∏¢‡∏Ñ‡πà‡∏∞,1
7146900341810810139,7455362932541539077,2025-01-02,‡∏ó‡∏≥‡∏¢‡∏±‡∏á‡πÑ‡∏á‡πÑ‡∏°‡πà‡πÉ‡∏´‡πâ‡∏´‡∏¥‡∏ß‡∏ï‡∏≠‡∏ô‡πÄ‡∏ä‡πâ‡∏≤‡∏à‡∏ô‡∏ï‡∏≠‡∏ô‡πÄ‡∏ó‡∏µ‡πà‡∏¢‡∏á‡πÅ‡∏•‡πâ‡∏ß‡∏°‡∏≤‡∏Å‡∏¥‡∏ô‡πÄ‡∏¢‡πá‡∏ô‡∏ó‡∏µ‡πÄ‡∏î‡∏µ‡∏¢‡∏ß,1
7157913634226654466,7158840584269824774,2022-10-26,What‚Äôs that going to achieve üò≠üò≠,1
7157857554817748230,7165080122306806533,2022-11-12,ŸÉŸÑÿßŸÖŸÉ ÿµÿ≠Ÿäÿ≠,1
7149908239491108101,7249052830244864773,2023-06-26,ÿµŸàÿ™ŸÉ ŸÜŸÅÿ≥ ÿµŸàÿ™ ŸÅÿßÿ¶ŸÇ ÿßŸÑÿ¥ŸäÿÆüòÉ,1
7146900341810810139,7459416023411163922,2025-01-13,‡πÄ‡∏Ñ‡∏¢‡∏≠‡∏î..‡∏à‡∏∞‡∏°‡∏∑‡∏≠‡∏™‡∏±‡πà‡∏ô....‡∏°‡∏±‡∏ô‡∏à‡∏∞‡πÑ‡∏´‡∏ß‡∏£‡∏∂‡∏Ñ‡∏±‡∏ö..‡∏°‡∏µ‡∏ß‡∏¥‡∏ò‡∏µ‡πÅ‡∏Å‡πâ‡∏¢‡∏±‡∏á‡πÑ‡∏á,1
7157857554817748230,7165461823205262085,2022-11-13,ÿßŸäŸá ŸáŸà ÿßŸÑŸÖŸÜÿßÿÆ ŸÖŸÖŸÉŸÜ ÿ™ŸÅŸáŸÖŸÜŸä,1
7157857554817748230,7163334421075084033,2022-11-07,ü•∞ü•∞ü•∞,1
7149908239491108101,7163372378150781702,2022-11-07,ŸàŸÉÿ∞ÿßŸÑŸÉ ÿßŸàÿµÿßŸÜÿß ÿ®ÿßŸÑÿ¨ŸÑŸàÿ≥ ÿπŸÜÿØ ÿ¥ÿ±ÿ® ÿßŸÑŸÖÿßŸä,1
7146396688104590634,7165984852440351494,2022-11-14,what does AD mean,1
7159681803257662762,7165577232308503342,2022-11-13,They understand it; they just know they won‚Äôt be around to carry the cost,1
7150168141916540166,7150338933322318597,2022-10-03,Literally flying üòÇ,1
7157913634226654466,7253189411554493210,2023-07-07,I don‚Äôt really like the way they do it like trowing soup on a painting.,1
7149420236008115457,7149798605707199258,2022-10-02,*the 35% t-shirt,1
7149908239491108101,7163698819888415494,2022-11-08,ÿßŸÜÿß ÿπŸÜÿØŸä ÿßÿ±ÿ™ÿ¨ÿßÿπ ÿßŸÑŸÖÿ±Ÿäÿ°,1
7146900341810810139,7432153005884293894,2024-11-01,‡∏ó‡∏≤‡∏ô‡∏°‡∏∑‡πâ‡∏≠‡πÄ‡∏î‡∏µ‡∏¢‡∏ß‡∏≠‡∏¢‡∏π‡πà‡πÄ‡∏´‡∏°‡∏∑‡πà‡∏≠‡∏ô‡∏Å‡∏±‡∏ô‡∏Ñ‡πà‡∏∞ ‡πÅ‡∏ï‡πà‡∏Å‡πà‡∏≠‡∏ô‡∏õ‡πà‡∏ß‡∏¢‡∏ö‡πà‡∏≠‡∏¢ ‡∏û‡∏≠‡∏°‡∏≤‡∏ó‡∏≤‡∏ô1‡∏°‡∏∑‡πâ‡∏≠ ‡∏£‡∏π‡πâ‡∏™‡∏∂‡∏Å‡∏ß‡πà‡∏≤‡πÅ‡∏Ç‡πá‡∏á‡πÅ‡∏£‡∏á‡∏Ç‡∏∂‡πâ‡∏ô‡πÑ‡∏°‡πà‡∏Ñ‡πà‡∏≠‡∏¢‡∏õ‡πà‡∏ß‡∏¢‡∏Ñ‡πà‡∏∞ ‡∏î‡∏µ‡∏Å‡∏ß‡πà‡∏≤‡∏ó‡∏≤‡∏ô‡∏´‡∏•‡∏≤‡∏¢‡πÜ‡∏°‡∏∑‡πâ‡∏≠‡∏Ñ‡πà‡∏∞,1
7149908239491108101,7176708745878897414,2022-12-13,ŸÑÿß ÿ®ÿ¥ÿ±ŸÅŸÉ ÿ≠ÿ™ÿß ÿπŸÑ ŸÖÿßŸä ŸÑÿ≠ŸÉÿ™ŸàŸÜŸá üòÇ,1
7143344050417077509,7175650798373110534,2022-12-10,welcome to Titanic room,1
7149908239491108101,7176392365006209798,2022-12-12,ÿ¥ÿ±ÿ® ÿßŸÑŸÖÿßÿ° ÿ¨ŸÑŸàÿ≥ÿ£ ÿßŸÅÿ∂ŸÑÿåÿå,1
7159681803257662762,7165565596968813354,2022-11-13,Keep going! We need you!,0
7159681803257662762,7165578784338756395,2022-11-13,National Treasure! üíú,0
7159681803257662762,7165573003076715307,2022-11-13,Yes,0
7159681803257662762,7165567706707952427,2022-11-13,So happy and beyond grateful to you! Cheering for you from Iowa,0
7155879504114715910,7249097995018633990,2023-06-26,facts üôå,0
7143623069284748550,7146769110953165614,2022-09-24,It‚Äôs just the way of life ü§∑üèΩ,0
7159681803257662762,7165565786597344042,2022-11-13,I love your passion for doing the most good.,0
7159681803257662762,7170149540744643371,2022-11-26,YOU ARE THE BEST!! WE LOVE YOU! ü•∞ü•∞ü•∞,0
7159681803257662762,7165567247986049838,2022-11-13,I love Katie! She is a fighter for the American people!,0
7159681803257662762,7165592362470540078,2022-11-13,WE LOVE YOU!!! ü•∞ü•∞ü•∞,0
7159681803257662762,7204093113290736390,2023-02-25,I live in the UK! I believe you should run for president. I‚Äôve been watching you embarrass so many executives etc! You need to do it!!,0
7156301698414284037,7156421785504072490,2022-10-20,she slayed honestly,0
7159681803257662762,7165686722095760170,2022-11-14,"Katie, you are such an inspiration. Thank you. Thank you. Thank you!!!",0
7159681803257662762,7170007142870909739,2022-11-25,"Katie, I support you 100%. Thank you for punching people with the truth. You‚Äôre a really hero!",0
7155879504114715910,7184920539064075013,2023-01-04,your sarcasm realy finishes meü§£ü§£ü§£ü§£üò≠üò≠üò≠I don't understand why people think Africa is not like any other continentüòë,0
7156301698414284037,7156377316254286638,2022-10-19,PREECH!!,0
7159681803257662762,7165585145821479723,2022-11-13,Exactly! üíöüíöüíöüíö,0
7156301698414284037,7183773816299717381,2023-01-01,vandilism protests arent neccesary talk to the right people,0
7156301698414284037,7156370230661956398,2022-10-19,Shes slay honestly,0
7155879504114715910,7188983019968496390,2023-01-15,"personally, for me, nothing makes me happy",0
7156301698414284037,7156416774317572906,2022-10-20,But is she gonna talk about the leader of Just Stop Oil? Like they‚Äôre not filing as many people as they think,0
7159681803257662762,7165712089562301230,2022-11-14,Gotta be the chisel tip. They def don‚Äôt get it.,0
7155879504114715910,7186217398420407045,2023-01-08,I love how you broke the illusion of these videos to preach the message of what true happiness is and Amen sister its not the fancy stuff it's people,0
7156301698414284037,7156305253117559554,2022-10-19,I like how she got the entire world to hate her and her cause even more than they did before the stunt,0
7155879504114715910,7253460095454216987,2023-07-08,thata true but the most thruth on. this video is yoyr beauty omg ü•∞ü•∞,0
7155879504114715910,7172509334134620971,2022-12-02,Well said!,0
7156301698414284037,7186720384115835654,2023-01-09,üíÄ,0
7155879504114715910,7221940732247016198,2023-04-14,awww! ü•π‚ù§Ô∏è,0
7155879504114715910,7166974802489852714,2022-11-17,I thought you would have to go to Wakanda to get fancy stuff üòÇ,0
7159681803257662762,7180719662207566598,2022-12-24,"Thank you, Katie. We appreciate you so much ‚ô•Ô∏è",0
7155879504114715910,7175263478814376710,2022-12-09,why do some of you guys think Africa is a poor country...,0
7159681803257662762,7166433834988225323,2022-11-16,thank you for actually doing what you're there to do. we're proud to have you represent us.,0
7155879504114715910,7185516322633548549,2023-01-06,love ur hair girlll ‚ú®üëë‚ú®üò©üëç,0
7158627404683054382,7158829114615661358,2022-10-26,please never stop fighting for us! you are what government is SUPPOSED to be! üòÅ,0
7159681803257662762,7165762311953924910,2022-11-14,"The Crayola whiteboard markers are absolutely my favorite.Also, you‚Äôre rad.Keep up the good fight.",0
7157857554817748230,7165114306778104581,2022-11-12,perfect ü•∞,0
7157913634226654466,7158848110218691333,2022-10-26,Again?,0
7157913634226654466,7176269982711071494,2022-12-12,What did the painter do üòÇ,0
7157913634226654466,7158815128028185350,2022-10-26,Did they expect someone to go ‚ÄúYeah this potato just changed my mind bruh vandalism is so powerful‚Äù,0
7143623069284748550,7250927971576939291,2023-07-01,I love meat ‚ù§Ô∏è‚Äçü©π,0
7156549294097435909,7156630720679641861,2022-10-20,Human‚ù§Ô∏è,0
7156549294097435909,7156615033580503813,2022-10-20,io l'ho vista in Islanda ed √® effettivamente una cosa incredibile,0
7156549294097435909,7156592712798716678,2022-10-20,piacere aurora,0
7156549294097435909,7157281987819782918,2022-10-22,Che sogno,0
7156922485236157701,7156940599903699717,2022-10-21,in romania esistono da 60 anniüòÇ,0
7157913634226654466,7157971151616033578,2022-10-24,it‚Äôs not mashed potatoes it‚Äôs actually cream of potato soup but ok,0
7157913634226654466,7158797226708353798,2022-10-26,"""Halloüßç‚Äç‚ôÇÔ∏è""",0
7157913634226654466,7158668231807648518,2022-10-26,Let the glue dry then pull it off üòÄ,0
7157857554817748230,7165810510124892929,2022-11-14,ÿßŸÑŸÑŸáŸÖ ÿµŸÑ Ÿàÿ≥ŸÑŸÖ ÿπŸÑŸâ ŸÜÿ®ŸäŸÜÿß ŸÖÿ≠ŸÖÿØ,0
7157857554817748230,7164250061009453830,2022-11-10,ÿØ. ÿ±ÿØÿØ.,0
7159681803257662762,7165650612745765675,2022-11-13,"Brown gets looked over, but it runs a bit warmer than black. Purple and brown 4eva.",0
7157857554817748230,7165838560758792965,2022-11-14,ŸÖŸÜ ŸÜÿßÿ≠Ÿäÿ© ÿ∑ÿßŸÇÿ© Ÿàÿßÿ≥ÿ™ŸáŸÑÿßŸÉ ÿ∑ÿßŸÇÿ© ŸÅ ŸÜÿ≠ŸÜÿß ÿ®ÿ≥Ÿàÿ±Ÿäÿß ÿßŸÉÿ´ÿ± ŸÜÿßÿ≥ ÿπŸÖ ÿ™ŸàŸÅÿ± ÿ∑ÿßŸÇÿ© ŸÑÿßŸÜŸà ÿßÿ≥ÿßÿ≥ÿß ŸÖÿßÿπŸÖ ŸÜÿ¥ŸàŸÅ ÿßŸÑŸÉŸáÿ±ÿ®ÿß üòÇüòÇ,0
7157857554817748230,7164250526824301318,2022-11-10,Ÿã.,0
7157857554817748230,7165020070863192838,2022-11-12,ÿ™ŸÖÿßŸÖ,0
7157857554817748230,7165182316552831745,2022-11-12,ÿ≠ÿ±ŸÅŸäÿßŸã,0
7157857554817748230,7163607298711503621,2022-11-08,ÿ°ÿ°ÿ° ÿ°ÿ° ÿ°ÿ°ÿ°ÿ°. ÿ°ÿ°ÿ°ÿ°,0
7157857554817748230,7164852500058473217,2022-11-11,ÿÆ ÿßŸÜ ÿÆŸÖŸÜŸÜŸÜ,0
7157857554817748230,7164250126931231493,2022-11-10,ÿ∑Ÿãÿ∞Ÿã,0
7157857554817748230,7165104925994304258,2022-11-12,ÿßŸÑÿ™ÿ∫Ÿäÿ± ÿßŸÑŸÖŸÜÿßÿÆŸä ÿÆÿ±ÿßŸÅŸá. Ÿáÿ∞Ÿä ÿØŸàÿ±ÿßÿ™ ŸÖŸÜÿßÿÆŸäŸá.. ŸáŸä ÿ≠ŸäŸÑÿ© ÿ≥Ÿäÿßÿ≥ŸäŸá ŸàÿßŸÇÿ™ÿµÿßÿØŸäŸá,0
7157857554817748230,7164249939996295942,2022-11-10,ÿ∞. Ÿà. ŸàŸè.,0
7156922485236157701,7157217208543462149,2022-10-22,"Per ‚Äútrasporto pubblico‚Äù si intende l‚Äôintero servizio, non un singolo autobus ‚ö°Ô∏è",0
7157857554817748230,7165538702151336706,2022-11-13,ŸÖŸÜ ŸÉÿ´ÿ± ÿßŸÑÿ¨Ÿàÿπ ÿπÿ®ÿßŸÑŸä ŸäŸÇŸàŸÑ ÿßŸÑÿ™ÿ∫Ÿäÿ±ÿßÿ™ ÿßŸÑŸÖŸÑŸàÿÆŸäŸá,0
7157857554817748230,7164886805057045254,2022-11-11,ÿ™ŸÖ,0
7157857554817748230,7163808355127247618,2022-11-09,ŸÅ,0
7157913634226654466,7158840375825187589,2022-10-26,fam there is glass over it,0
7143623069284748550,7143739748390929198,2022-09-15,Red wolves?,0
7157913634226654466,7158872241073390342,2022-10-26,But like why does it have to be such a expensive piece of history?,0
7157913634226654466,7158848008980038406,2022-10-26,"they said ""some people are starving"" while they throwd a half a kg of mashed potatos on a picture",0
7159681803257662762,7165572790292038442,2022-11-13,Love you Katie,0
7159681803257662762,7159684097419248430,2022-10-28,Queen!,0
7159681803257662762,7159700243544900394,2022-10-28,22 year teacher. You are correct,0
7158627404683054382,7158922515031655211,2022-10-26,Katie is everything!!! I want her to run every part of the country !!!,0
7158627404683054382,7158838520888345390,2022-10-26,üíØ,0
7158627404683054382,7158968726276490030,2022-10-26,Queen,0
7156301698414284037,7156406545013523246,2022-10-20,From the beginning I didn‚Äôt get why everyone was so mad,0
7156301698414284037,7162468060800058117,2022-11-05,Ist Haarf√§rbemittel nicht auch umweltunfreundlich üòÅ?,0
7158627404683054382,7158872688323412779,2022-10-26,U are such an icon,0
7156301698414284037,7158018812728886021,2022-10-24,We need Creative Society to survive as humanity,0
7158627404683054382,7158876145067295530,2022-10-26,THANK YOU FOR STANDING UP TO THESE GREEDY CORPORATIONS!,0
7158627404683054382,7158682019361620778,2022-10-26,It‚Äôs like when the tobacco companies knew their product was deadly and lied. How people don‚Äôt see the parallels is beyond me.,0
7158627404683054382,7158639924299678507,2022-10-26,Please run for President!!!!,0
7158627404683054382,7158691495855473451,2022-10-26,For the love of god please run for president,0
7157857554817748230,7163961653796897541,2022-11-09,-ÿ∏,0
7158627404683054382,7158812062362977070,2022-10-26,So you‚Äôre running in 24 right?,0
7158627404683054382,7158633539033776938,2022-10-26,love u Katie,0
7158627404683054382,7158698630512476971,2022-10-26,Please run for President,0
7158627404683054382,7158635819862934315,2022-10-26,Porter for PRESIDENT,0
7158627404683054382,7158634316211176238,2022-10-26,Queen ü•∞,0
7156549294097435909,7156596297839051526,2022-10-20,Uno dei miei sogni,0
7156549294097435909,7160228213758067462,2022-10-30,Confermo... raga √® indescrivibile,0
7156549294097435909,7169243028049527558,2022-11-23,Grande Nic‚ù§Ô∏è,0
7158627404683054382,7158719830089384750,2022-10-26,THANK U FOR THE INFORMATION!,0
7158627404683054382,7158662143547523886,2022-10-26,this woman! ü•∞,0
7143344050417077509,7143998872552669954,2022-09-16,evde yalnƒ±z kalƒ±nca ailemin d√º≈ü√ºnd√ºƒü√º,0
7157913634226654466,7157916594953110277,2022-10-24,They know the oil in the paint is not derived from fossil fuels right?,0
7157913634226654466,7157972006846415658,2022-10-24,Again üíÄ,0
7146900341810810139,7292371674716275488,2023-10-21,I agree with you ü•∞ü•∞ü•∞ü•∞,0
7155879504114715910,7239965537860813570,2023-06-02,"Life can be sad and lonely in there ‚Äúfancy stuff‚Äù world. They can barely greet each other. Husband is headed to work, wife is coming back home.",0
7144573582440484122,7174065243781382938,2022-12-06,‡∏™‡∏∏‡∏î‡∏¢‡∏≠‡∏î‡∏Ñ‡∏£‡∏±‡∏ö,0
7149420236008115457,7149664687247688454,2022-10-01,Whyyyyy do they always open their arms like that! On the top of some historic elevated site.,0
7149420236008115457,7149430312040088322,2022-10-01,u sound like yes theory,0
7149420236008115457,7149421080628511490,2022-10-01,bro got it perfect,0
7149420236008115457,7149421668955456258,2022-10-01,It‚Äôs the pauses for meüò≠,0
7149420236008115457,7149421090179056385,2022-10-01,so true bae so true,0
7149420236008115457,7149501876928414469,2022-10-01,this guy don't miss,0
7149420236008115457,7149604355074818821,2022-10-01,NAS daily and Drew Binsky:,0
7144573582440484122,7456992841995666177,2025-01-07,‡∏õ‡∏µ‡∏ô‡∏ô‡∏ô‡∏ô,0
7144573582440484122,7144610498134098715,2022-09-18,‡∏™‡∏∏‡∏î‡∏¢‡∏≠‡∏î‡∏°‡∏≤‡∏Å‡πÄ‡∏•‡∏¢‡∏Ñ‡πà‡∏∞‡∏Ñ‡∏≥‡∏û‡∏π‡∏î‡πÄ‡∏¢‡∏µ‡πà‡∏¢‡∏°‡∏°‡∏≤‡∏Å.üëçüëçüíô,0
7143962475757604101,7144253521326801670,2022-09-17,"grazie fra per sostegno,sono delle Marche",0
7144573582440484122,7177758540294914843,2022-12-16,‡∏ü‡∏±‡∏á‡πÄ‡∏™‡∏µ‡∏¢‡∏á‡∏ô‡∏∂‡∏Å‡∏ß‡πà‡∏≤ ‚Äú‡∏°‡∏≤‡∏£‡∏¥‡πÇ‡∏≠‡πâ‡πÇ‡∏à‡πä‡∏Å‚Äù üòÖüòÖ,0
7144573582440484122,7176094930879529754,2022-12-12,‡∏£‡∏≤‡∏á‡∏ß‡∏±‡∏î‡πÉ‡∏´‡∏°‡πà,0
7148609970748198190,7148628021202289454,2022-09-29,Do every time the us govt was going to impose martial law,0
7148609970748198190,7148827181928956718,2022-09-29,Like we're obsessed or something,0
7148609970748198190,7148924970197975851,2022-09-29,"Hey, you know doomsday predictions are really picking up the pace. I think that means the world is going to end this year.",0
7148609970748198190,7148767892789379886,2022-09-29,Yep... every damn year!!,0
7144573582440484122,7177781435499365147,2022-12-16,‡∏û‡∏µ‡∏û‡∏π‡∏î‡πÑ‡∏î‡πâ‡πÉ‡∏à‡∏ú‡∏°‡πÄ‡∏•‡∏¢,0
7144904794828737838,7145113303181263621,2022-09-19,Literally said Portugal. The US needs to teach better.,0
7149420236008115457,7149852342648341250,2022-10-02,But what happened bro? How'd it all change ü§î,0
7149420236008115457,7149448955336033025,2022-10-01,OMG NAS DAILY,0
7149420236008115457,7149460523187634946,2022-10-01,I used to think you live in Australia but you live in WELLINGTON,0
7149420236008115457,7149423764188218158,2022-10-01,Nas daily üòÇ,0
7149908239491108101,7167878769183802113,2022-11-19,ÿßŸÑŸÑŸáŸÖ ÿµŸÑ ÿπŸÑ ŸÖÿ≠ŸÖÿØ ŸàÿßŸÑ ŸÖÿ≠ŸÖÿØ,0
7149908239491108101,7249077658834207496,2023-06-26,ÿµŸÑŸâ.ÿπŸÑŸâ.ÿ≥ŸäÿØŸÜÿß.ŸÖÿ≠ŸÖÿØ,0
7149908239491108101,7164591281950311173,2022-11-11,ÿπŸÑŸäŸá ÿßŸÑÿµŸÑÿßÿ© ŸàÿßŸÑÿ≥ŸÑÿßŸÖ ÿµÿØŸÇ ÿ±ÿ≥ŸàŸÑ ÿßŸÑŸÑŸá ÿπŸÑŸäŸá ÿßŸÑÿµŸÑÿßÿ© ŸàÿßŸÑÿ≥ŸÑÿßŸÖ ÿ™ŸäŸÖŸÜ Ÿà ÿßÿ¥ÿ±ÿ® ÿ¨ÿßŸÑÿ≥ Ÿà ÿπŸÑŸâ ÿ´ŸÑÿßÿ´ ÿ£ÿ¨ÿ≤ÿßÿ°.,0
7149908239491108101,7177489709798146821,2022-12-15,ÿßÿ≠ÿ≥ŸÜÿ™,0
7149420236008115457,7149631059762643713,2022-10-01,Bro got it perfectly,0
7149420236008115457,7149468894359454470,2022-10-01,It‚Äôs always that music outta nowhere,0
7149420236008115457,7163977250265514754,2022-11-09,and that's 1 minute guys see u next time,0
7149420236008115457,7149427523348546310,2022-10-01,They‚Äôre so extra for no reasonüò≠,0
7149420236008115457,7149492073765995266,2022-10-01,Yes theory,0
7149420236008115457,7149421895204029189,2022-10-01,"walk away and ""forgetting"" your camera",0
7149420236008115457,7149557965921043205,2022-10-01,Nas daily,0
7149420236008115457,7149424285659251458,2022-10-01,Me watching YouTube at 3am,0
7149420236008115457,7149472866870084353,2022-10-01,This is giving NAS daily vibes. Really loves travelling but is so critical of some countries he doesn‚Äôt thoroughly do enough research on,0
7149420236008115457,7149703838172594945,2022-10-02,üòÇüòÇüòÇ,0
7149420236008115457,7149421512369685249,2022-10-01,that's 1 minute,0
7149420236008115457,7149604959624790826,2022-10-01,yes theory and drew binsky they‚Äôre goated,0
7149420236008115457,7149479233663501058,2022-10-01,That's one minute see you tomorrow,0
7148436887957540102,7158460878013743877,2022-10-25,can i speak the to manager? my illusion of choice is not working!,0
7148436887957540102,7149924117150565125,2022-10-02,Como amo la secci√≥n ‚ú®cap1talism‚ú® üòÇüòÇüòÇ,0
7148436887957540102,7148495367071318827,2022-09-28,"Your videos bring me so much joy! While you use humor to address this, it‚Äôs so validating to see that I‚Äôm not the only one that thinks these things!",0
7147746563689893126,7148806445580452651,2022-09-29,and big companies they don't even change their bottling process,0
7147746563689893126,7150089891128607494,2022-10-03,humanity made mistakes so bad we have to devolve fr,0
7147746563689893126,7149060100111270699,2022-09-30,"I'll just eat it, I'm already full of them",0
7147746563689893126,7148801601455719174,2022-09-29,@ Ted Kaczynski,0
7147746563689893126,7154562643263783685,2022-10-15,Strange part is how did it end up there,0
7147746563689893126,7149558325401928453,2022-10-01,yeah we ain‚Äôt living past 60üòÇ,0
7147746563689893126,7152270665659663110,2022-10-08,we live in a plastig world,0
7147746563689893126,7149802225634640646,2022-10-02,We are doomed,0
7147746563689893126,7155105926432424750,2022-10-16,And people tell me that my diesel truck is the problemüòÇ,0
7147314461160819995,7147502287015101210,2022-09-26,#notokaliwadamü•∫,0
7147314461160819995,7438191616244761362,2024-11-17,Thank you Sierra Madre for saving me for typhoons and wind thank you so much Sierra Madreü•≤ü•≤ü•≤ü•∫ü•∫ü•∫,0
7147314461160819995,7147519846720406298,2022-09-26,i fell in love with sierra madre pls lets not hurt her lets save her,0
7147314461160819995,7147556829978166043,2022-09-26,we need to protect sierra Madre like what she did last night ü•∫üôè,0
7147314461160819995,7147572350945772315,2022-09-26,that's why i always tell my pupils that Sierra Madre is important during anyong-lupa lessons hope they see its importance and they would appreciate it,0
7146900341810810139,7341280235231380232,2024-03-01,üîÉüîÉüîÉüëçüëçüëç,0
7146900341810810139,7259943588682564358,2023-07-26,‡∏ä‡∏≠‡∏ö‡∏Å‡∏¥‡∏ô‡∏´‡∏•‡∏±‡∏á‡πÄ‡∏ó‡∏µ‡πà‡∏¢‡∏á‡∏´‡∏°‡∏∑‡∏≠‡∏ô‡∏Å‡∏±‡∏ô‡∏Ñ‡πâ‡∏≤,0
7146900341810810139,7259256460256133890,2023-07-24,ü•∞,0
7146900341810810139,7188928134757024539,2023-01-15,‡∏≠‡∏≤‡∏°‡πà‡∏≤‡∏ó‡∏≤‡∏ô‡∏°‡∏∑‡∏±‡∏≠‡πÄ‡∏î‡∏µ‡∏¢‡∏ß‡πÅ‡∏•‡∏∞‡∏°‡∏∑‡πâ‡∏≠‡πÅ‡∏£‡∏Å‡∏ï‡∏≠‡∏ô‡∏™‡∏µ‡πà‡πÇ‡∏°‡∏á‡πÄ‡∏¢‡πá‡∏ô‡∏Ñ‡πà‡∏∞,0
7147746563689893126,7152237560361272070,2022-10-08,that‚Äôs normal when u live in a system that needs record profits to survive,0
7145640089220222254,7145666298742915883,2022-09-21,Being both Puerto Rican and Mexican my heart is breaking.,0
7148436887957540102,7163070865072030469,2022-11-07,–∞–≤—Ç–æ—Ä –≥–µ–Ω–∏–π,0
7148436887957540102,7148952056534909723,2022-09-29,this is so deep.,0
7148436887957540102,7148466588826567430,2022-09-28,you are such a beautiful human being lelo lole lole ü•∞,0
7148436887957540102,7163652330745824006,2022-11-08,this is so genius i dont know if i want to laugh or cry,0
7148436887957540102,7148975553781318401,2022-09-30,I‚Äôm sold,0
7148436887957540102,7148439390246421254,2022-09-28,This tiktok is excellent,0
7148436887957540102,7148865231401206533,2022-09-29,‚ú® The illusion of choice ‚ú®,0
7148436887957540102,7151124611051045637,2022-10-05,ZE ILLUIZION OF CHOIX,0
7148436887957540102,7148796265152709381,2022-09-29,you're the best! üòÅ,0
7148436887957540102,7153005389146161926,2022-10-10,So true man üò≥,0
7148436887957540102,7148614658822832902,2022-09-29,The intelligence in this post is üíØüíØ,0
7148436887957540102,7149924402086921006,2022-10-02,üòÇ it‚Äôs funny cause it‚Äôs tru .,0
7148436887957540102,7148486712481415941,2022-09-28,that's true when I was a kid I used to want want the world ti be a better place now as an adult I just want to be more and more richüòÇüòÇüòÇüòÇ,0
7148436887957540102,7148446673861018374,2022-09-28,not the tag to Greenpeace üíÄ,0
7148436887957540102,7148638497209352966,2022-09-29,me encant√≥,0
7148436887957540102,7155822837708931846,2022-10-18,"Estoy suscrita, pero d√© muy mala gana ü•≤",0
7148436887957540102,7148439516537094918,2022-09-28,üö®‚ú®Escandalo‚ú®üö®,0
7148436887957540102,7154063041302922030,2022-10-13,No lies were told in this video üòî,0
7148436887957540102,7148562666914759430,2022-09-28,Perfect üòÇ,0
7149908239491108101,7242784535211950853,2023-06-09,ÿØŸÉÿ™Ÿàÿ± ŸÖÿ±ÿßÿ™ ŸÖÿ™ŸÜÿ≤ŸÑ ÿßŸÑŸÖŸä ÿßÿ®ÿØ ŸÖŸÜ ÿßÿ®ŸÑÿπ ÿ≠ÿ®ÿßŸäÿß ÿßŸÑÿ∫ÿØÿ© ÿßŸÑÿµÿ®ÿ≠ ŸÖÿßÿßÿπÿ±ŸÅ ÿ¥ÿßÿ≥ŸàŸä,0
7149908239491108101,7173556170417980166,2022-12-05,ŸàÿßŸÑŸÑŸá ÿØŸÉÿ™Ÿàÿ± ÿßŸÜŸä ÿπŸÜÿØŸä ÿßÿ±ÿ™ÿ¨ÿßÿπ ÿßŸÑŸÖÿ±ÿ°,0
7149908239491108101,7173421185925382917,2022-12-04,ŸàÿµŸäÿ© ÿßŸÑÿ±ÿ≥ŸàŸÑ ÿßÿ¥ÿ±ÿ® ÿßŸÑŸÖÿßÿ° ŸàÿßŸÜÿ™ ÿ¨ÿßŸÑÿ≥ ŸàÿπŸÑŸâ ÿØŸÅÿπÿßÿ™ ( ÿµŸÑŸâ ÿßŸÑŸÑŸá ÿπŸÑŸäŸá Ÿàÿ≥ŸÑŸÖ ) ÿßŸà ŸÉŸÖÿß ŸÇÿßŸÑ ÿ±ÿ≥ŸàŸÑ ÿßŸÑŸÑŸá ŸÖÿ≠ŸÖÿØ ÿµŸÑ ÿßŸÑŸÑŸá ÿπŸÑŸäŸá Ÿàÿ≥ŸÑŸÖ üòå,0
7155163691657350405,7155406893682819845,2022-10-17,Her voice sounds like Liz,0
7155163691657350405,7389974785206272801,2024-07-10,Minimal damage is not no damage,0
7155163691657350405,7156538245433099014,2022-10-20,I am an artist and fully support their action. It‚Äôs their future they are fighting for.,0
7143962475757604101,7144053887154373381,2022-09-16,io sono della marche ma nel mio paesino √® quasi tutto in salita o in discesa quindi non c'√® stata un allagamento,0
7143962475757604101,7144072979508822790,2022-09-16,forza marche semo la regi√≤ pi√π belle del mondo non mullamo ad√® forza ancona e forza marche‚ö™üî¥‚ö™üî¥üí™,0
7143962475757604101,7144313754561315590,2022-09-17,Vento anche oggi fortissimo speriamo bene ü§ûü§ûüòû,0
7154097477094870318,7155184029011624710,2022-10-16,una belleza oculta en la normalidad urbana,0
7154097477094870318,7154160676197532462,2022-10-14,i just wanna explore the cosmos in peace,0
7154097477094870318,7154626160894214913,2022-10-15,the sky is so beautiful,0
7154097477094870318,7154327884013699842,2022-10-14,It just baffles me that people can‚Äôt see the stars it makes me upset bc they‚Äôre so beautiful,0
7143962475757604101,7144058082917597958,2022-09-16,"vai, uomo tu si che sei una vera personaüí™üôåüí™üëêüí™",0
7143962475757604101,7144314412957270789,2022-09-17,purtroppo prevale gli interessi economici non salvare il pianeta,0
7153721007835008298,7166211100466332422,2022-11-15,I wanna swim in there,0
7153721007835008298,7162625792999572230,2022-11-05,just becareful bruh,0
7153721007835008298,7163785192050033413,2022-11-08,Why it look like Minecraft tho,0
7153721007835008298,7158127719725040390,2022-10-24,W energy,0
7143962475757604101,7144823160008819461,2022-09-18,üòîüòîüòîüòî,0
7153721007835008298,7154067493280596782,2022-10-13,Nuclear the best,0
7155163691657350405,7155381815459873541,2022-10-17,of course she's right ü•∞,0
7155163691657350405,7155223638399845125,2022-10-16,Give me some of that ziggy soup ‚ö°Ô∏è,0
7152250702553779462,7152731118428177158,2022-10-10,I saw lots on my window oh god,0
7155163691657350405,7155408941991396102,2022-10-17,I‚Äôm right behind you. Keep fighting ü•∞,0
7155539942368759083,7177862831906538245,2022-12-16,mais r√°pido que a velocidade da luz? üò≥üò≥,0
7155539942368759083,7155547997349380910,2022-10-17,Beautiful,0
7155539942368759083,7155936608037667590,2022-10-18,"miscarea se numeste "" desnis pericol public "" üòÇüòÇüòÇüòÇ",0
7155539942368759083,7155850636994577157,2022-10-18,Und dann f√§llt es ausversehne runter,0
7155539942368759083,7167489528537547525,2022-11-18,uranium,0
7155539942368759083,7162762021871403777,2022-11-06,it's kind of wild how effective water is at neutralizing radiation.,0
7155539942368759083,7172148690210439942,2022-12-01,Dawniej praca marze≈Ñ pracowanie w takiej elektrowni ;),0
7155163691657350405,7398179932243542817,2024-08-01,Why do they always have this aesthetic?,0
7155163691657350405,7175917306941571846,2022-12-11,Yeah yeah,0
7155163691657350405,7164138295810048774,2022-11-09,Is your house insulated.. I very much doubt it,0
7143962475757604101,7144127300764959494,2022-09-16,Hai ragione assolutamente! per√≤ la manutenzione fa troppo.,0
7155163691657350405,7164516787328615174,2022-11-10,notice the accent...,0
7155163691657350405,7164808165690049285,2022-11-11,Minimal amount of damage!!! Pay for the damage then!!!!!!,0
7155163691657350405,7164419284910441221,2022-11-10,You‚Äôre starting a conversation - about how much everyone hates Just Stop Oil and if anything are making people less Sympathetic towards the cause,0
7155163691657350405,7164394597778801413,2022-11-10,If you‚Äôre wasting all this tomato soup send some my way üòÇ,0
7155163691657350405,7459787086779007776,2025-01-14,then why do it in the first place üò¨üò¨,0
7155163691657350405,7434546209434600225,2024-11-07,how do they think that this glue that they mass buy is made?,0
7146900341810810139,7264998464348603141,2023-08-08,if,0
7152250702553779462,7152575403193500421,2022-10-09,I have been seeing so many lately also,0
7149908239491108101,7231983243904451334,2023-05-11,ÿßÿ≠ÿ≥ŸÜÿ™ ÿØŸÉÿ™Ÿàÿ± ÿ®ÿ≥ ÿßŸÑÿπŸÅŸà ŸÖŸà ŸÑÿ≤ŸÖ ŸÜÿ¥ÿ±ÿ® ŸÖÿßÿ° Ÿàÿ≠ŸÜŸá ÿ¨ÿßŸÑÿ≥ŸäŸÜ ŸÑŸà ÿ¥ŸÜŸà,0
7151033928864795909,7151215429926732545,2022-10-06,Amazing,0
7150168141916540166,7164091929864585989,2022-11-09,Has she not heard? Liz Truss ain't in charge any more üòÇüòÇ,0
7150168141916540166,7164398041621168901,2022-11-10,I believe i can flyyyy,0
7150168141916540166,7164152690174935813,2022-11-09,come fly with me come fly lets fly away.,0
7149908239491108101,7269101513195651847,2023-08-19,ÿßŸÜŸá ŸÑÿß ŸäŸÜÿ∑ŸÇ ÿπŸÜ ÿßŸÑŸáŸàŸä ÿµŸÑ Ÿàÿ≥ŸÑŸÖ Ÿàÿ®ÿßÿ±ŸÉ ÿπŸÑŸâ ÿ≥ŸäÿØŸÜÿß Ÿàÿ≠ÿ®Ÿäÿ®ŸÜÿß ŸàŸÜÿ®ŸäŸÜÿß ŸÖÿ≠ŸÖÿØ ŸàÿπŸÑŸâ ÿ¢ŸÑŸá Ÿàÿµÿ≠ÿ®Ÿá ÿ£ÿ¨ŸÖÿπŸäŸÜ,0
7149908239491108101,7264512793176687367,2023-08-07,ÿßŸÜÿß,0
7149908239491108101,7163954575215526661,2022-11-09,ÿ£ÿ≠ÿ≥ŸÜÿ™ ÿØŸÉÿ™Ÿàÿ± Ÿáÿ∞ÿß ŸÖŸàÿ¨ŸàÿØ ŸÅŸä ÿßŸÑÿ∑ÿ® ÿßŸÑÿßÿ≥ŸÑÿßŸÖŸä ÿπŸÜÿØ ŸÖÿ≠ŸÖÿØ Ÿàÿ¢ŸÑ ŸÖÿ≠ŸÖÿØ ÿµ,0
7149908239491108101,7449896191871959816,2024-12-18,ÿ¨ÿ≤ÿßŸÉ ÿßŸÑŸÑŸá ÿÆŸäÿ±ÿß,0
7149908239491108101,7160771230449582854,2022-10-31,"Ÿáÿ∞ÿß ŸÖÿßŸÇÿßŸÑŸá ÿßŸÑÿ±ÿ≥ŸàŸÑ ÿßŸÑŸÉÿ±ŸäŸÖ ÿµŸÑ ÿßŸÑŸÑŸá ÿπŸÑŸäŸá Ÿàÿ¢ŸÑŸá Ÿàÿ≥ŸÑŸÖ
ÿßÿ¥ÿ±ÿ®Ÿà ÿßŸÑŸÖÿßÿ° ÿπŸÑŸâ ÿ´ŸÑÿßÿ´
Ÿàÿ®ÿ≥ŸÖ ÿßŸÑŸÑŸá ÿßŸáŸÖ ÿ∞ŸÑŸÉ",0
7149908239491108101,7249099502224163589,2023-06-26,ÿ≠ŸäÿßŸÉ ÿßŸÑŸÑŸá ÿØŸÉÿ™Ÿàÿ±,0
7149908239491108101,7177480107417862917,2022-12-15,ÿ±ÿ≠ŸÖŸá ŸÑŸáŸÑŸÑŸÉ Ÿàÿ≤ŸÜŸä ŸÅŸàŸÇ Ÿ°Ÿ†Ÿ† ÿ¥ŸÑŸàŸÜ ÿßÿ∂ÿπŸÅ ÿßÿ±ŸäÿØ ŸÜÿµÿßÿ≠ŸÉ,0
7149908239491108101,7177373254490407686,2022-12-15,ÿßŸÜŸä ŸàŸÑŸÑŸá ŸÖŸÜ ÿßÿ¥ÿ±ÿ® ŸÖŸä ŸÖÿπÿ™Ÿä ŸÖÿ™ÿ™ŸÇÿ®ŸÑ Ÿàÿ™ÿ™ÿπÿµÿ±,0
7149908239491108101,7175188339403211526,2022-12-09,ÿ™ÿ¨ŸÑÿ≥ Ÿàÿ™ŸÇŸàŸÑ ÿ®ÿ≥ŸÖ ÿßŸÑŸÑŸá ÿ´ŸÖ ÿ™ÿ¥ÿ±ÿ® ÿπŸÑŸâ ÿ´ŸÑÿßÿ´ ÿØŸÅÿπÿßÿ™ ŸáŸÉÿ∞ÿß ÿπŸÑŸÖŸÜÿß ÿßŸÑÿ±ÿ≥ŸàŸÑ ÿµŸÑŸâ ÿßŸÑŸÑŸá ÿπŸÑŸäŸá Ÿàÿ≥ŸÑŸÖ,0
7149908239491108101,7164444326428361477,2022-11-10,ÿ™ŸÖ,0
7149908239491108101,7177480431092122374,2022-12-15,ŸàÿßŸÑŸÑŸá ÿßŸÜŸä ÿπŸÜÿØŸä ÿßÿ±ÿ™ÿ¨ÿßÿπ ŸÖÿ±ÿ¶,0
7149908239491108101,7177451821269582593,2022-12-15,ÿØŸÉÿ™Ÿàÿ± ÿπŸÜÿØŸä ÿßŸÖÿ≥ÿßŸÉ ÿØÿßÿ¶ŸÖÿ¢,0
7149908239491108101,7167867356164653829,2022-11-19,ÿßŸÑŸÑŸáŸÖ ÿµŸÑ ÿπŸÑŸä ŸÖÿ≠ŸÖÿØ ŸàÿßŸÑ ŸÖÿ≠ŸÖÿØ,0
7149908239491108101,7177131271906165510,2022-12-15,ÿßŸÜŸä ÿπŸÜÿØŸä ÿßÿ±ÿ™ÿ¨ÿßÿπ ÿßŸÑŸÖÿ±ÿ° ÿ¥ŸÉÿ±ÿß ÿØŸÉÿ™Ÿàÿ± ÿπŸÑŸâ ÿßŸÑŸÖÿπŸÑŸàŸÖŸá,0
7150168141916540166,7150349924826678021,2022-10-03,I drive hgv I use 200+ litre a day I am doing my best üî•,0
7151033928864795909,7151171816911536901,2022-10-05,"Unfortunately, ALL LEADERS, claim zero emissions but all fossil fuel is business as usual EVERYWHERE",0
7152250702553779462,7152574792440480518,2022-10-09,Lol except when they jump on your car and you can‚Äôt get rid of them,0
7151033928864795909,7154664469711946497,2022-10-15,"Shes so inspiring. Riveting in her bravery, but also in her ability to be so articulate while being carried away like a sack in a prone position! üò≥",0
7152250702553779462,7152608574581392133,2022-10-09,These stinking bugs are everywhere!!!,0
7152250702553779462,7152752693625979653,2022-10-10,Are we not gonna talk about the massive spider just chillin there,0
7152250702553779462,7152599065905021702,2022-10-09,"I woke up to one of these scratching my back because I was sleeping on one, traumatized üíÄ",0
7144573582440484122,7459266852738745105,2025-01-13,‡∏£‡∏≤‡∏á‡∏ß‡∏±‡∏î‡πÄ‡∏•‡∏¢‡∏Ñ‡πà‡∏≤‡∏≤‡∏≤,0
7152250702553779462,7153470091417928454,2022-10-12,Please see our pinned video on how to prevent and control these bugs.,0
7152250702553779462,7152584006680560390,2022-10-09,there's been tons inside my house üò≥,0
7152250702553779462,7152744835345072901,2022-10-10,Omg are you f kidding me! I will move them to a box and send to Parliament!!,0
7152250702553779462,7152562783284069125,2022-10-09,"The biggest pest alert would've been the politicians themselves , not the insects.",0
7151334610167794950,7159936781076480773,2022-10-29,Io ho l‚Äôansia alla mattina quando mi sveglio alle 5 perch√© sono povera,0
7151334610167794950,7153250117728912134,2022-10-11,üòÇüòÇüòÇ ma che generazione siamo diventati,0
7144573582440484122,7448266669707559696,2024-12-14,‡πÄ‡∏õ‡πá‡∏ô‡∏Å‡∏≥‡∏•‡∏±‡∏á‡πÉ‡∏à‡πÉ‡∏´‡πâ‡∏ô‡πà‡∏∞‡∏Ñ‡∏£‡∏±‡∏ö,0
7151334610167794950,7153750455591551750,2022-10-12,6) fai informazione a favore del nucleare :),0
7151334610167794950,7160345808042443526,2022-10-30,ma cosa sto sentendo ???? per il cambiamento climatico ???,0
7151033928864795909,7400104171766874885,2024-08-06,ü§£üòÇüòÇü§£üòÇI thought that was a pic until I watched it twice,0
7151033928864795909,7292011896801248033,2023-10-20,"I'm doing this for my son, what being carried away by police",0
7151033928864795909,7151264610644951809,2022-10-06,Facts,0
7151033928864795909,7400687797701624609,2024-08-08,can you Imagine her son when all his friends c this vid ü§£,0
7159681803257662762,7165715595740906286,2022-11-14,"Love you from Houston, Tx. 26th yr as an elementary teacher, purple expo is correct.",0
